wavelength,brown,#5,#6,#7,#8,#9,#11,#12,#13,#14,#15,#16,#18,#19,#20,#21,#22,#23,#25,#26,#27,#28,#29,#30
400,0.0629197200910547,0.204803304948992,0.238961723294832,0.0515614029171233,0.300264311609476,0.249137846724559,0.0481221404575268,0.245793701579176,0.148566743606737,0.174890120437873,0.0886988596110337,0.0586441003725118,0.204535926762902,0.0669573698288982,0.0436076211778813,0.0576471175575336,0.268999538809205,0.196640155882489,0.38975080480297,0.351384825058157,0.286240125008812,0.169063256338558,0.0913558051554386,0.0348259839744343
401,0.0614794668144785,0.189617635669215,0.242140654067229,0.0536077418962938,0.313447505296168,0.260619290958929,0.0528450274725275,0.251194368131868,0.149031868131868,0.177738392857143,0.0788645604395605,0.0669047046703297,0.207770404271548,0.0707729214340198,0.0423193745232647,0.0599417238749047,0.284259344012204,0.206441647597254,0.40876050587766,0.375786832164058,0.291173373378071,0.169435204955536,0.089913559679955,0.0362604331401488
402,0.059223675391241,0.197718511160985,0.244920060960815,0.0524743236685673,0.32269580249909,0.267523239415261,0.0523043724789674,0.260492727901348,0.14313640659214,0.179958580154431,0.0795902039875533,0.0662803687910568,0.213621991665958,0.0701634917935198,0.0376313887235309,0.0569795135640786,0.29077140913343,0.21378501573263,0.448182965744886,0.396207247751739,0.298448405635746,0.168136918529437,0.0886453745011486,0.0356320205734537
403,0.0617284743738948,0.200113530220818,0.254357563895229,0.0515921330653084,0.328455314904101,0.274032472832248,0.0535413281393498,0.272597012183922,0.138262382905774,0.181282044021307,0.0741595343782526,0.0666086856364416,0.217082018975915,0.0685846809818308,0.0380387715591749,0.0504228794222717,0.298245058195367,0.2148322436907,0.473572044906291,0.409998515494526,0.300669558359621,0.171948738170347,0.0875060308034886,0.0342241046576359
404,0.0598658911451649,0.203726858911452,0.255299977353363,0.0513738778591379,0.346771284064316,0.279143081452404,0.0595289336071393,0.279049811822006,0.145227157176338,0.177165810386815,0.0793100394677578,0.0596848480453154,0.220939266080476,0.0686903494048261,0.0431001932582885,0.0485262207610219,0.329915643911979,0.229625910469826,0.492450501672241,0.429791055456172,0.316055401726686,0.176980306447849,0.0907555183946488,0.034505007388971
405,0.0635446302725092,0.212979729427716,0.258039133155534,0.0529818965388799,0.353667200560216,0.276929920884426,0.0525979462478391,0.276530355638953,0.140327647345636,0.173943706505519,0.0769023211831976,0.0723768095920569,0.2227618099054,0.0768341197767157,0.042964135909535,0.0587734376538488,0.310573517939241,0.225188276817972,0.515411334087708,0.454594185160382,0.320160127473847,0.175803131422765,0.0906972265201025,0.0301587672909498
406,0.0616467490189083,0.203225049054584,0.268165470032108,0.0485434356047092,0.376701681234392,0.287510881198716,0.0550620503882111,0.293462978472961,0.142365303212079,0.185975620798153,0.0824794576363266,0.0758491296375942,0.22673226993865,0.0769965644171779,0.037935754601227,0.0490817668711656,0.328091779141104,0.228336441717791,0.558241844837655,0.465919233365441,0.319150338644965,0.174925354003443,0.0920560565495377,0.0348693634384789
407,0.0614774689770822,0.20893777529346,0.277051693683622,0.050159557294578,0.379378624930129,0.288089077697038,0.048329178683942,0.29554891955451,0.138129387229889,0.186212716865599,0.0804295380929139,0.0714456515951547,0.234036366759781,0.0738983246941428,0.0428012361262567,0.0521036247255128,0.328964297984853,0.229837854592713,0.58655726491842,0.473100736263237,0.337774189883198,0.175107871653865,0.0889588692451029,0.0342292323774031
408,0.0626339685102947,0.212981348405329,0.27814033104562,0.0529612030682277,0.387851675413807,0.298818167137666,0.0576395344961268,0.293640480866081,0.140890326881689,0.179595459453192,0.0795911189049355,0.0646509793407294,0.237310850936848,0.0768783460186707,0.0416283471238791,0.0543589297161088,0.33225809565211,0.234794291229802,0.609289871078255,0.491035656328886,0.3429372971511,0.182260886224306,0.0914610530111792,0.0357400829426614
409,0.0618631565271994,0.207756306342069,0.277939690078022,0.05302631810669,0.387401960288991,0.298645581771333,0.0552998459134194,0.307695551206403,0.138481144476252,0.185901895776129,0.080617156920021,0.0723370333586493,0.232948387984474,0.0704632256242396,0.0387245517351254,0.0516206194600545,0.340648383639418,0.235247595736052,0.632630652091636,0.505036578578266,0.34153460827749,0.178226595720996,0.0911483847986286,0.0348187946657168
410,0.0649810862478511,0.211129475208469,0.286748953198896,0.0532749359792851,0.384514533950595,0.300468802830465,0.056246277867107,0.313257637651558,0.132646777628091,0.185747794533049,0.0731339142149407,0.0818202381469732,0.246400694740244,0.0688916866178047,0.040677566352834,0.0435860721472321,0.35351097924592,0.25076883362954,0.63591238264565,0.518913033108562,0.331947616053425,0.172038464040242,0.0900389627284751,0.0344333080375534
411,0.0642707980383415,0.221763390866824,0.276834150691039,0.0516702948856761,0.394049550984014,0.300523979364372,0.0537243725882521,0.315912155209376,0.145386529941403,0.188440988995284,0.0812897956266972,0.0760214449049593,0.242915689804147,0.0681642943548387,0.0414998761520737,0.0496108474942396,0.340348855126728,0.247017403513825,0.681150868953943,0.529008317814108,0.345086630401979,0.183679749435051,0.0913060808373757,0.035319956865141
412,0.0655529676450164,0.214757925766358,0.282984318532901,0.0538330125706835,0.40247152818129,0.305783740309803,0.0560623228531876,0.309298527166079,0.143877014086115,0.186917267265124,0.0801011431588863,0.0740779802765845,0.2468936977283,0.064190627119123,0.0413625423824593,0.0485984488019892,0.340760058770344,0.238394276955244,0.691277428709522,0.52234441190686,0.339208625934666,0.175523540784124,0.0899790179967589,0.0311465939783357
413,0.0632041968577876,0.204558051043433,0.283997673473392,0.0539994071561716,0.407563481941388,0.307775378060574,0.052378792953551,0.322443153799011,0.139557786867722,0.192183857588758,0.0783754115416958,0.0695906660205521,0.252579080235808,0.0667995676382953,0.042820634604581,0.0537627806262134,0.339670750872901,0.249388506858764,0.71945516409371,0.54612381255102,0.349805912141418,0.179624206260339,0.0913325724027827,0.028544486263518
414,0.062363527173349,0.20814144670841,0.280071332203273,0.052650930916387,0.412018362334383,0.305612626699415,0.0561045763964662,0.321536221885889,0.139987554116363,0.189335278589279,0.0811416000844743,0.0685330470592376,0.253112749574967,0.0691982471793287,0.0426079330064212,0.0552930252490481,0.339869722218319,0.250122760674994,0.73260323734103,0.549635056266039,0.346868423484585,0.177836291773002,0.0920896844410006,0.0344915462319881
415,0.061769234802266,0.209266791044776,0.282725405817627,0.0509798364473254,0.403591635799107,0.316908663797799,0.0562299157303371,0.330718398876405,0.13386095505618,0.190126404494382,0.0835512640449438,0.0726418539325843,0.26350973503767,0.0682323118598155,0.0411763904173368,0.0553838779310929,0.357079107762634,0.2519242571743,0.748957673298695,0.536606513749842,0.347555252819668,0.179953364592574,0.0908437460397922,0.0351660562666329
416,0.0588450681706853,0.215004932509661,0.287263940292821,0.0471499421705764,0.413317456321777,0.31736186931911,0.0438513345551253,0.304770376596712,0.135717621363906,0.188558501329732,0.0878287194609417,0.0713371319121963,0.264597635950589,0.0751060414596053,0.047224391594491,0.0543629199204884,0.363956779781343,0.256806815277581,0.764747309912349,0.563071053944274,0.347762809092853,0.184242435687308,0.093735003206727,0.0361382099337276
417,0.0622979048837881,0.21203756760104,0.285905090203526,0.0522826507864426,0.40596007926351,0.312718015935268,0.0527515070551891,0.334473887450948,0.144452492276864,0.184888995574852,0.0851939759539117,0.0663075582366202,0.268499451970097,0.0724637597661739,0.0394951070766118,0.0503231451295599,0.365200571918386,0.256226701703108,0.780487591158347,0.555144920572107,0.348163618633049,0.181055295663972,0.0926162657583809,0.035345529707728
418,0.0590101496395323,0.204797390900462,0.28808408893556,0.0526867767927462,0.415918354570973,0.309445889456572,0.0515411295894703,0.329790274803834,0.14141957353072,0.181450447060755,0.0846718635626672,0.0729572778207242,0.267589067528548,0.0689811865563128,0.0413439566119262,0.0564670254773998,0.360308995306976,0.254212274910584,0.774646901834977,0.545413104802467,0.350415946457956,0.184697692105591,0.090658849233237,0.033510330212813
419,0.0619256541019956,0.209331485587583,0.288961862527716,0.0542983370288248,0.42240332594235,0.319378270509978,0.052560002428265,0.331675442146586,0.144258974462746,0.181254259581529,0.0849961350115343,0.0667638653931766,0.267481518324964,0.0723044621747395,0.0442175536735097,0.057049300592095,0.356892278236933,0.260399538043293,0.791856220970858,0.548481051420116,0.349731637140861,0.182319947387891,0.0927103456779975,0.0340999773932344
420,0.0601997992972112,0.206591474408749,0.290490596580814,0.051189500282958,0.41089566745193,0.315509324454154,0.0585482959713231,0.330787437804291,0.140345781392114,0.182237781552619,0.0843805374244289,0.0721333195120646,0.2704032539613,0.0698283852183349,0.0479136433178543,0.0553542733516206,0.358573325335472,0.266535279329797,0.785410417436276,0.547868932397488,0.350142223864056,0.181309937199852,0.0922654599187292,0.0363956409309198
421,0.0621126168501745,0.204154232334761,0.289786427237883,0.0517228515070951,0.422466529887916,0.324835443288495,0.0603003713464303,0.333157163392429,0.135209870627695,0.180473526593196,0.0859391471011021,0.067730773838045,0.268537747022423,0.0763885554594451,0.0415511477809568,0.0462379865593187,0.356534380198283,0.262960968793666,0.798001620198474,0.566260217376629,0.348644008641059,0.184841882130561,0.0922244514953082,0.0355833922905556
422,0.0621933758114931,0.211876292377975,0.299829345996634,0.0550040334214955,0.429610302957442,0.33303630680452,0.0563514273183957,0.345765848018499,0.137325891077267,0.177956861494299,0.0764202216729129,0.0668828243361773,0.267662251347216,0.0690174439491717,0.0423293992415674,0.055785192601956,0.34588351407092,0.260672117623578,0.797339577319796,0.568485133525767,0.349940816697281,0.184369956197897,0.0923508407177893,0.0320794291596859
423,0.0632228675577157,0.209472569045352,0.297530583560474,0.0526269968145545,0.418350832484976,0.322896509145841,0.058868747361756,0.336823705941325,0.136576199081891,0.178440421855213,0.0845668531025749,0.0638720946338117,0.275018581081081,0.0703844715250965,0.0418866011100386,0.0581411317567568,0.357534507722008,0.269672538610039,0.818068104533793,0.561356872066637,0.354175971503027,0.181822762563381,0.0919576652952386,0.0349572855151609
424,0.0598897261250519,0.209508211063874,0.294892374792617,0.0503782092492742,0.415097586582331,0.324688485068436,0.0588316279161646,0.339717539458349,0.134121209726804,0.177718132074354,0.084691286569346,0.0670729905378978,0.27253569531749,0.0723779219469562,0.0407980900198326,0.0541184470066221,0.358729490066893,0.26942283101953,0.797750679142771,0.56038840929671,0.355547358889224,0.185448777543012,0.0918667672804105,0.0345583942046484
425,0.0596167110558137,0.202579929625382,0.295566165749723,0.0494448920080095,0.417217539221213,0.318735259239099,0.0624906732789108,0.348160442204909,0.135499454888718,0.180639395591246,0.0868694923817374,0.0728567553912835,0.275129876007481,0.0734183067001218,0.0410365940992073,0.0540894183732554,0.358002702145077,0.275137123879375,0.800295614682928,0.558719595201501,0.353970598215533,0.183861753727619,0.0924222639174435,0.0332712509231721
426,0.0601847855345544,0.209828427643513,0.297843876177658,0.0505698753584177,0.411829597987009,0.322186260167359,0.0615961337220913,0.35169179614171,0.1349069577026,0.175496285497464,0.0815865918440708,0.0712016815113632,0.278981012154344,0.0688529735682819,0.0418459038798365,0.0565051655963059,0.352861226845709,0.278822063584735,0.817907331941601,0.573834592784777,0.356251565699346,0.183048941860698,0.0928269026831985,0.0337581066209574
427,0.061338839708328,0.212867730587182,0.299933778943329,0.0527187981322758,0.413187904566969,0.325778642701804,0.0578009072059757,0.350485914433536,0.136754001321237,0.175530463675787,0.083748559393539,0.0679091551276433,0.283429653324225,0.0698792546273794,0.0414414808927657,0.0557277025340567,0.353506588022017,0.27871069190652,0.828589654121074,0.585041403841593,0.367867217724178,0.193799735763407,0.0930356516142146,0.0353183061756835
428,0.0599217308506136,0.211797714769361,0.305051629284807,0.0515071942446043,0.414333262801523,0.324300253914515,0.0535191843610436,0.350644068792604,0.138467875891248,0.175171746454595,0.0794464075844237,0.0714181226984251,0.285481527279903,0.0694201400993192,0.0410416160752458,0.0523697530173973,0.34617864965304,0.275228269806295,0.822888486618262,0.568543455137649,0.354367322265019,0.18585481920945,0.0952914979222135,0.0341515106069515
429,0.0607380708143459,0.210747097069423,0.301406334013385,0.05158475031937,0.413818502488226,0.325348275401834,0.0591839214967225,0.365831343684311,0.13640303980826,0.174985337934738,0.0802952385941705,0.0764080297563308,0.289382470641403,0.0696146737315056,0.0392653552177416,0.049199331940451,0.344946732075373,0.28223244542543,0.814444681304626,0.556432530377318,0.351297377957792,0.184151140481774,0.0916697932210616,0.0352483692176508
430,0.058753713103134,0.209221520429345,0.305103804870639,0.0533808541339679,0.418026384740013,0.322836438661334,0.0589859318035599,0.364160626206305,0.133071198799056,0.17954449924941,0.0831655586532275,0.0692135963971692,0.288195212466241,0.0707146521071755,0.0367230555501584,0.0530246721199992,0.347580721627451,0.275162434181126,0.82345553654713,0.570886498019293,0.359109325909206,0.185694951636929,0.0917115063128931,0.0337010726389259
431,0.0616954357239342,0.207879003446404,0.313016121091235,0.0517483184578289,0.418207604812341,0.330424513653062,0.05407959744,0.360794016,0.1348478208,0.176622336,0.08241552,0.0712717632,0.291771857720771,0.0743162699769664,0.044835871115097,0.0535297255969702,0.346240349439645,0.284267221967727,0.826611621466337,0.562784607141243,0.366073052168131,0.183825826484962,0.0935739591873624,0.0345505225851017
432,0.0603641181778599,0.215705590226726,0.307863743350602,0.055763863244843,0.420869163832325,0.338897566146915,0.0532564022290801,0.365394686168992,0.130747213649927,0.171392282384147,0.0848976319212426,0.06968808181795,0.292372379280295,0.0706582812179619,0.0449063172800902,0.0511950603598524,0.343413862261636,0.281543302747591,0.80928561465796,0.555976668991314,0.351384410067837,0.18201614150764,0.0913620680910417,0.0338262030051354
433,0.0611429045689849,0.222192325005627,0.315538825118163,0.0554313470627954,0.418131217645735,0.335363830744992,0.061572938961986,0.365569598793326,0.131908471026733,0.170702357876104,0.0901410238031426,0.0681820918593128,0.295073547366756,0.0694305804206864,0.043209217776372,0.0619860559860826,0.335351187727345,0.292605358216037,0.834672327012049,0.553283110478418,0.362034025624079,0.187390430372668,0.097070987340485,0.0351481709797143
434,0.06128800319587,0.215565791899699,0.319162589883842,0.0549867088685391,0.419775576178477,0.332224067359105,0.0562389851485149,0.367209158415842,0.136329826732673,0.166527227722772,0.0786949257425743,0.0670569306930693,0.298747538735429,0.0753602725162459,0.0442318495498953,0.0545519190000189,0.339144580814403,0.292551436497801,0.826733903562365,0.569936272206034,0.354033330200207,0.189641282075383,0.0930315255193157,0.0338403383776671
435,0.0628881534513035,0.215155680129677,0.321306564906119,0.0554538835607186,0.424792584087532,0.340093745778738,0.0550723490205241,0.371247869501593,0.12902480970007,0.16686124398972,0.0812018163036929,0.0687968371475301,0.297661971037358,0.0748684284667831,0.0443446836084972,0.0569837437313349,0.342248943483406,0.298919592043726,0.823809661102998,0.575049722025485,0.361137445392267,0.189757187537215,0.0942388512475947,0.0339476793672084
436,0.0623737271798839,0.213326905528798,0.324747448316705,0.054423227720738,0.421249699357622,0.338339390496679,0.0537564697475861,0.37770054782306,0.132530453954159,0.162597035526051,0.0827780247833442,0.0673184763556636,0.29597281618887,0.0755107588532884,0.0435047554806071,0.048924,0.34236,0.303345227655987,0.824392720412806,0.568043832880209,0.363432114520335,0.191296731953615,0.0960289075070743,0.0342208455861954
437,0.0600849979834405,0.213174942468743,0.326893650209959,0.0525486696638277,0.4186549607364,0.336198020213044,0.0567504853321829,0.371658110440035,0.132189818809318,0.166100949094047,0.0832877480586713,0.0719656492666091,0.297272982333349,0.0716486038036395,0.0428757880001931,0.0528411365062509,0.341185505864749,0.303374167350485,0.834843104492959,0.576472063602813,0.366757284762132,0.189339037511705,0.0965393753557461,0.0349366891283991
438,0.0613972434059463,0.216715691290019,0.327650625200766,0.0539402948139864,0.422613029874008,0.346093060330982,0.0583140260766495,0.381613393915448,0.133792769656262,0.162502568154879,0.0878077834847886,0.0689051758198341,0.300256945720535,0.0740987427460418,0.043335041878827,0.059392019015892,0.327389944339393,0.304222203780653,0.832484916201117,0.572800875736071,0.368441437415069,0.189520948210781,0.0953545040012079,0.034116449343198
439,0.0609204676358867,0.214513548798715,0.336882009960006,0.0557768562769898,0.429459294529085,0.353880976151515,0.0577603613870401,0.380810923851427,0.141030205659302,0.159961593815535,0.0804483678252748,0.0743437758836418,0.310455988904565,0.0743074081159282,0.047510542456778,0.0613828881608838,0.334582785336809,0.314870495468567,0.825767811141169,0.559227159899773,0.353778326770845,0.18792240615446,0.0924690545909056,0.0331699641459278
440,0.059846343111604,0.214289865368288,0.330845112886178,0.0531945956716858,0.418057560688233,0.343916916465961,0.0557133777842481,0.377901837239773,0.129924780899694,0.1636530965206,0.0793971640704615,0.0675615548114718,0.303623025187457,0.0722511838631694,0.0473085893736208,0.04895846381681,0.329879851790282,0.313426307810278,0.85287887618441,0.592418931341741,0.367070845325146,0.192532286265344,0.0970774966503037,0.0350225742490972
441,0.0606346220267563,0.212364220912294,0.32921677335421,0.0539235873494669,0.414131801330908,0.34180007022957,0.0553596428010996,0.380604628591023,0.128561736825893,0.161732240310123,0.085724894078263,0.0700878641877009,0.307855587224165,0.0740564099550436,0.0467150959362971,0.0544463638233479,0.329167654923163,0.319783992007757,0.836299914126234,0.584978960927437,0.368019428939459,0.189826749677973,0.0958804207814513,0.0352383158007729
442,0.0604038561061723,0.216516744678159,0.336835451335779,0.0534287241383276,0.419215524478741,0.350776379193357,0.0608200859570677,0.379288592467477,0.133231413085604,0.156725423277822,0.0854599917860676,0.0709796734094183,0.307336418890597,0.0692126240044712,0.0418271657118905,0.0541705812491267,0.324766085650412,0.321638762749755,0.836587812863027,0.577186344914986,0.372292322314922,0.18874891752033,0.0955201710845918,0.0347180747703031
443,0.0621390035909213,0.211719965408031,0.334486950694989,0.0547255843121983,0.416752312335702,0.352362935048423,0.0600967843191964,0.382505702427455,0.129451799665179,0.15840909249442,0.0882075544084821,0.0733269391741071,0.305251612050436,0.0708740819071045,0.0414215221664119,0.0561703043643177,0.310012091815037,0.325006436707624,0.819747488208777,0.57805546220435,0.367832043155297,0.18871928777537,0.0943358383646414,0.0351900125154995
444,0.0591289110117838,0.213911113368549,0.330833604225924,0.0522174268590004,0.415341070702966,0.346079286875254,0.0588600706472586,0.378894916469002,0.127377826316957,0.155922339209229,0.0822074537977168,0.0716549546936059,0.311471000341888,0.0783459097994449,0.0427088126046671,0.0606026562979875,0.320143848039358,0.322804561600732,0.8401961083198,0.578227931218451,0.370546107440391,0.190150531456478,0.0983075705432992,0.039425644753736
445,0.0604609085290482,0.211854810465595,0.34111217552534,0.05546858776267,0.42413566131026,0.355762978986403,0.0593289730730125,0.377627437652085,0.131947785406647,0.154516365256532,0.0865408817246067,0.0702420115842025,0.310442083472685,0.0764578081212303,0.044983854989563,0.0519068105546009,0.312589665671022,0.334071196272676,0.840200474578637,0.578769585092648,0.365121157134383,0.193704138604878,0.0990558502285655,0.033703021949262
446,0.0606753299492386,0.212279340101523,0.343069898477157,0.053845,0.417638730964467,0.357880253807107,0.0580948116121062,0.395079936174593,0.125059038501132,0.155339046736669,0.0888809964998971,0.0684317994646901,0.312493852753197,0.0751281877537426,0.049741896027977,0.0573717117541331,0.310477389272035,0.336939279787301,0.830826407807166,0.584012034897755,0.367430118279941,0.189108469257561,0.0973983068381669,0.0345204420842098
447,0.062946863505876,0.215411259755988,0.346265755360187,0.0559961256391854,0.423159611330403,0.365018093433211,0.0627749226581915,0.392780501411594,0.128763765151387,0.153954068263655,0.0901030040741805,0.0704763917299207,0.313787612211286,0.0730008206811654,0.0463434258379661,0.0589995503116902,0.308206581188414,0.339049443229661,0.827449670078104,0.570612038782656,0.362676710207379,0.189020098303259,0.0937995892809049,0.0342750504982494
448,0.0630014354145928,0.218144212419361,0.34878213596291,0.057531169395421,0.421568743159782,0.361933750941819,0.0608842728361801,0.384119055492013,0.128947879681478,0.147618548653762,0.0851125126709563,0.0719908281249153,0.315514156964588,0.074908554702115,0.0466524726544446,0.0568503202236063,0.304948956797324,0.338053722736977,0.836688650637149,0.577657215768804,0.367700614777868,0.192395462906193,0.0961493363381775,0.0340095713125756
449,0.0626016699131459,0.210549490294147,0.33485819171967,0.0546793374082245,0.413962845465866,0.361453351451615,0.0601052771813238,0.386157359371816,0.130360939140793,0.144285974013761,0.0900686958293497,0.0736470542137517,0.309840485177756,0.0769537880821896,0.0405333417565583,0.0529510400050539,0.305537043763918,0.338029407584061,0.847922642583831,0.583683098554072,0.367121421767151,0.192218805047178,0.0958978696908577,0.034463203073861
450,0.0623276813601124,0.218432828277723,0.344688774220937,0.0553914871680835,0.415927986617206,0.367257548037561,0.0564009428701779,0.386260592081918,0.129146144877579,0.143085035737821,0.0860241597810108,0.0746517311299235,0.312943757411486,0.0757851939691682,0.0442197865492123,0.0554707775707268,0.299624428256819,0.357042181941386,0.853224088679128,0.587162485251195,0.370702322548593,0.191036965161771,0.0979487052102093,0.0343850757622803
451,0.0624624131082423,0.221370685203575,0.351037581926514,0.0567760575968223,0.419672994041708,0.370206420059583,0.0602882890451645,0.390630440476602,0.128600339018231,0.145280465927679,0.0899488062703547,0.0713121537541574,0.317183363959083,0.0734587603831306,0.0471511398286627,0.0585584234164318,0.296801725389665,0.350291258392874,0.83539132145722,0.583846922250306,0.366817892872819,0.191150368542931,0.097512100619031,0.0348375232704212
452,0.0621878296826658,0.221862254943081,0.34791936621977,0.0586940051416926,0.414012345983608,0.372394212881864,0.060840635916869,0.389709307833501,0.13004020368287,0.142617680146841,0.0895751968737048,0.0741791698738824,0.31409785954113,0.074130790830602,0.0435372661683588,0.0584575055959709,0.292589260732273,0.355887351107203,0.832486703326422,0.58711619940503,0.369988416118273,0.192996799783647,0.0949398269178762,0.0343689263499504
453,0.0623433171540192,0.2179413253226,0.342586939149994,0.0586993311234758,0.408179664377886,0.369800609683911,0.0631064642575729,0.386788642416142,0.131132367169032,0.141692571240487,0.0893803349325248,0.0740201727525708,0.316817623676252,0.0747979861834586,0.043669266792762,0.0591279344978608,0.289662142069649,0.360048201118675,0.846825873362445,0.584259916302766,0.368629093886463,0.191607851164483,0.0958427037845706,0.0340460607714702
454,0.0614489693786542,0.21809530274502,0.342686572193043,0.0570571994846893,0.402338217223268,0.376346670300268,0.0649956824975091,0.383990534706078,0.128479907007639,0.138739787446031,0.0933462304882099,0.0722884423779475,0.31112688082311,0.07702205339833,0.044074729675407,0.060504841672476,0.28685885112684,0.365328200770393,0.839437700793696,0.587710887821974,0.368132202312938,0.193403134815513,0.0962927091713081,0.033675157176309
455,0.0612416837896374,0.214625034708724,0.340715499527961,0.059696784583773,0.40471161215083,0.377066862886655,0.0630932695119511,0.391486771428132,0.128693041725024,0.145139457928678,0.0908440890831576,0.0765613408646669,0.314244419199091,0.0762742970746947,0.0460160976995172,0.0620210167566032,0.293790059642147,0.365215450156206,0.843563408378455,0.589414078084924,0.366647021943574,0.194272784269023,0.0958596181248219,0.0336853918495298
456,0.063381090305689,0.220990302211314,0.340909937749338,0.0536794513197836,0.405681965193285,0.375202833821038,0.0629282035147191,0.379637571870068,0.122776237332345,0.137017061053401,0.0891726962249501,0.0736075653237388,0.30483341617301,0.0771868406637994,0.0453409736874138,0.0591189188915037,0.279568753550272,0.364972120222348,0.848264718430034,0.576313383715261,0.36667750487567,0.19078125,0.0951691400536324,0.035165574719649
457,0.0645515118407843,0.225467681450422,0.342054169373413,0.0581607216677494,0.405488986003662,0.378168930490758,0.0672275368685911,0.379931639591425,0.128305692290795,0.136925304284445,0.0957063592703164,0.0803027567821233,0.30878416714683,0.0804509857955257,0.0485635959616204,0.0612923516296315,0.276454964050405,0.370842387955007,0.84612494655567,0.577780941123211,0.365821196649984,0.192483926460602,0.0978028671311084,0.0340959774653555
458,0.0656558461337627,0.223719159305513,0.340730516513642,0.0582338018362996,0.402035855706888,0.379710848091902,0.0605775763117449,0.376302946440731,0.123889637361141,0.133706625357483,0.0954016896558433,0.0772083860236182,0.303714583333333,0.0833420656028369,0.0479822828014184,0.0658781028368794,0.270962278368794,0.375189228723404,0.838566283131698,0.575723617991277,0.363084341510588,0.189770841145474,0.0951587163749038,0.0342932256409244
459,0.063461054677822,0.223863658020621,0.338469492672143,0.0592366068876141,0.396229240914029,0.382273374816565,0.0636622880503988,0.376638285446207,0.1257658381763,0.132585138874262,0.0949176137179622,0.0773606039426695,0.306060353875035,0.0833968160115889,0.0469462816514168,0.0676863165363409,0.274434967701882,0.384158711622888,0.845689065892869,0.57714251633446,0.3629034392436,0.188782223433985,0.0950422943221321,0.033679684898293
460,0.0648917240824896,0.22364218396077,0.340925459523618,0.0595856697671999,0.398237774803872,0.389242669138266,0.0664164207162777,0.378767948797673,0.126822365620202,0.132164168894969,0.0974500246349012,0.0782427374876227,0.302223936392,0.0803001107101264,0.0453552975514371,0.063494787997297,0.27033609869017,0.383637158344237,0.848166971518161,0.585454664227855,0.371439944255727,0.192268138663879,0.0974933803675638,0.0354193101646198
461,0.0624200290753491,0.225093726856296,0.340441204706915,0.0608070055133445,0.395732520503607,0.392900677510492,0.0686257897340463,0.381191161574521,0.128446500671362,0.132964712256484,0.0948040847094297,0.0765698570116134,0.298881760877934,0.0769262744843388,0.0485198588106514,0.0635803744950069,0.258636966191552,0.387189061072278,0.856214955033089,0.577552885612474,0.364551881634269,0.191612195742755,0.0961213116763137,0.0341603570014518
462,0.0628435821883202,0.225524223008169,0.342421607772825,0.0614045141761047,0.397618342864552,0.395053605841244,0.0664736196870018,0.375368201719918,0.123103922581225,0.131736663897434,0.0996846442283944,0.0777266811864293,0.300575869995676,0.0855216514554931,0.0499387031431368,0.0712515192207024,0.262234071511482,0.393436729863213,0.837255634681078,0.571727818244257,0.36095446165525,0.187321090968243,0.0928437019899868,0.0333896185406763
463,0.0645492851277907,0.228768660315143,0.338262580317229,0.0629828743467098,0.397971131413974,0.398762508634509,0.0676557892213481,0.36916836140955,0.126277804171116,0.128484036873189,0.10198206027851,0.0802252315470613,0.298058501886943,0.0857202135726861,0.0532570012017898,0.0774923480134991,0.261218597143199,0.392927227413225,0.844398910481101,0.573790227880736,0.36235069882837,0.189141562408949,0.0943419888575944,0.0341494539161759
464,0.0644415268174729,0.23117599962603,0.33735762580053,0.0647360281837383,0.395599478141879,0.40572317296537,0.0687272135942555,0.365312638967422,0.122666529204947,0.127392679950854,0.103077562421084,0.0788664042139811,0.296387728623265,0.086802526587118,0.0531117588800325,0.07676641395029,0.255232388061638,0.400575337015237,0.847788896717775,0.5829153140224,0.364769275991303,0.190261432455682,0.0952730086410734,0.0346757410185141
465,0.0647625479102026,0.232953641175397,0.33893155685344,0.0644853531666362,0.392374292754152,0.411377532396423,0.071470526028662,0.364267403848171,0.126735537883716,0.126756310455528,0.103819236660442,0.0814430223042867,0.293304220993354,0.086748262391558,0.049703832885191,0.0749360002029324,0.255120503779615,0.405114720206991,0.842427509246753,0.575813903581302,0.359779857858793,0.189808008382039,0.093515760505952,0.0350655149778457
466,0.0653128649326835,0.236187352217343,0.335937388409014,0.0655206775080828,0.389689982145442,0.415975486174782,0.0734303098418448,0.357906020569876,0.121567494906045,0.125920097674569,0.104095446974352,0.082394870467997,0.290506020836152,0.0900921390880801,0.049414558246516,0.0755820592612637,0.253255851711541,0.406414558246516,0.842917501656347,0.575948616439141,0.362053649279796,0.189624148310526,0.0939802383503603,0.0339450550888702
467,0.0642840552549416,0.233040630892536,0.333370171241162,0.0674621015157858,0.387376427169701,0.417955474993567,0.0683570229763195,0.358572561431237,0.126005387092105,0.125790818861473,0.102539601190872,0.0830812836693256,0.286281789325182,0.0878724900070539,0.0553395955795909,0.0745495062308959,0.24630469080649,0.416534798965436,0.844918451901742,0.578320026704891,0.361554601684764,0.186777524692206,0.0938625051544367,0.0337009397765429
468,0.0664455695166982,0.235267699435894,0.339835416349039,0.0695589113531483,0.389349957794297,0.425839781943396,0.0728699426217449,0.355263985242358,0.123564106336506,0.12173859508154,0.108050995348627,0.0829498421249194,0.283292072033994,0.089561252292574,0.0529730287637838,0.0812096940970467,0.248912972760825,0.41946461322485,0.846694442129823,0.575194567119407,0.364347012748938,0.189118490125823,0.0930642446462795,0.0339626072827264
469,0.0668162582621312,0.239071296147026,0.340105110430437,0.068830485249073,0.387037723682089,0.432106641947445,0.073082105488724,0.356274029793397,0.123381306712381,0.120497232731357,0.112417070611533,0.0845130604735022,0.284259914111253,0.0898880762262632,0.0510264040797155,0.0820180165067436,0.246707273703281,0.422521639938267,0.842623087425087,0.579376109042345,0.364265920919003,0.18975334526232,0.0941165308225421,0.0345336032855554
470,0.0673702845154215,0.241639464640055,0.338935717193798,0.070470945095896,0.37915643029794,0.431445354479733,0.0742041334744582,0.35371970363768,0.121714500584926,0.118088195643697,0.111675338421258,0.0876052476185171,0.280545059031259,0.0907838251357944,0.0529516452438313,0.0882554579598677,0.239608990857263,0.424452370976672,0.849041134358759,0.57699093142027,0.363981686860669,0.190017013883689,0.0955059608500951,0.0341687819197532
471,0.0680856555049477,0.247483802782469,0.337658739501804,0.0714904223349719,0.3842054468386,0.440206861015725,0.0753403370828788,0.344193066476054,0.122493924231594,0.115285967420338,0.111557033219217,0.0817397125766525,0.279074871176531,0.0923576571760076,0.0537941554526737,0.089734879594135,0.236737302499118,0.422880185642297,0.829803549705702,0.57518424770871,0.359591137824993,0.189871615954786,0.0934653831914106,0.0339900199472607
472,0.0673055582074733,0.248058957859966,0.334780787810513,0.0729843583525863,0.376777671701067,0.446410173180837,0.0789399739352391,0.343088971058862,0.120416650601109,0.117947700825898,0.11501038349129,0.090454486917495,0.274289182223995,0.093156951326144,0.0559615234165273,0.0919264561505775,0.231871078709598,0.428357353234441,0.857238069407922,0.580394207752084,0.368017534757025,0.191366767685106,0.0966667334882021,0.0341637925545087
473,0.0665493637526718,0.244468134006481,0.328549608905164,0.0727860201791145,0.375764806827497,0.44276240892968,0.077940581571879,0.338098353380825,0.121355062478103,0.113351512320448,0.117398762116081,0.0874463388999183,0.272672678482768,0.0956041382625759,0.053656565974986,0.0923491043352852,0.235173860618336,0.430340139807233,0.848231807640478,0.571664577391958,0.361203868814441,0.189078163684227,0.0943709611708296,0.0327727494594002
474,0.0672646651909242,0.251754988536643,0.32789865997312,0.0766825401217488,0.372443963949719,0.455005534034311,0.0788664904163913,0.33635413086583,0.11876748182419,0.111204230006609,0.120590879048249,0.0909628552544613,0.271107097568929,0.0956586717872541,0.0545679866671497,0.0970627151190174,0.23434650918445,0.433189014890765,0.855286411890452,0.575217974162745,0.364340852089967,0.189050579506524,0.0931616539385912,0.0346746502630827
475,0.0680540678105246,0.252276479763566,0.331554502914375,0.0763533741072162,0.372482928331007,0.459722970199491,0.0833775757924882,0.326664723164028,0.11767839214589,0.109994885447184,0.123899091477666,0.0901062452681128,0.265444922582941,0.0977645379389105,0.0558989233608355,0.0995153220400699,0.226289459528795,0.429445957017188,0.859549215334885,0.579198167719028,0.368839126903043,0.189380797058971,0.0940630160617683,0.0350927533622523
476,0.0661921905838296,0.252351803275923,0.330699178488892,0.0758177240599855,0.3685629501864,0.465039979082674,0.0813467817481946,0.323735497002316,0.121254428396239,0.107985743970568,0.126433582572558,0.0908931862310941,0.259369995453337,0.100090478600657,0.0563235594369,0.0983265190573823,0.221938722988101,0.433112791565511,0.855551940708781,0.579383122531707,0.363375332730215,0.1902269524522,0.0938910254179787,0.0346269633257364
477,0.0692680263989328,0.264540278557888,0.329697785754406,0.080377549497999,0.37395037913361,0.478596152495963,0.0813782036752912,0.315254829486017,0.117834786247298,0.104300735755632,0.125424711451287,0.0939396183485599,0.257274654936255,0.100117848488041,0.0551283584448425,0.102950281845959,0.216984300916658,0.431983681909177,0.858542875072841,0.584538885651531,0.366038177417186,0.191370119682639,0.0932789546819669,0.0341016370074858
478,0.0705722784057109,0.267167757287329,0.331591463414634,0.0793973825104105,0.369381915526472,0.477519333729923,0.0832361517874039,0.314824210829856,0.12238482576529,0.104688634868569,0.131182962215354,0.0932698813203449,0.251037581099826,0.102336471430489,0.0575333124524587,0.105078916282608,0.210757174817665,0.431769170880129,0.847777742831211,0.569894321582301,0.360222248182529,0.187237138415363,0.0950571166686137,0.0335699328726377
479,0.0698712848864318,0.263734470125891,0.321381709185373,0.0815748218210884,0.356817638047026,0.487480317058549,0.0860995272057056,0.306965141437615,0.120302307877234,0.101592435291289,0.135293212597163,0.0975662713358442,0.250637058118634,0.105318603954464,0.0551746554823247,0.110281006590773,0.216321749550629,0.441201767525464,0.857756752708573,0.581879275051176,0.367388636477108,0.189727944480503,0.0942014079584602,0.0339785610864247
480,0.0682604219873483,0.269856351420376,0.322474480374052,0.0821838434639111,0.355736395426506,0.490507249223999,0.0852924679241313,0.300976820335684,0.11532995954079,0.100811354002744,0.137863394277849,0.0930404109919301,0.243534350403265,0.109620104946069,0.0538906811777281,0.109877660091342,0.207134680789039,0.443834418423866,0.855750385017082,0.576030827919492,0.358260970774106,0.187574427784957,0.0933569772176099,0.034463184401055
481,0.0709530010913059,0.273721558641645,0.321483397171164,0.0817831981683179,0.357757905548542,0.499764320715554,0.0873579867009244,0.297069717714744,0.114627331392818,0.0990101407585082,0.140554715708786,0.0942608855238111,0.240236839729896,0.112755260024672,0.056641033135469,0.111841221400295,0.203791038938152,0.444121495286932,0.866874296614625,0.582741367098728,0.362330355397003,0.188333888075364,0.0941897435006105,0.0355435023486011
482,0.069678038701241,0.273819767222555,0.320257823861993,0.0830320037552861,0.354199981558863,0.504337900308889,0.0864763262688985,0.295612656924946,0.117820590915227,0.100331799237311,0.149864373818845,0.0987740660434665,0.234828031604548,0.114542368324883,0.0563521571658399,0.11528507520992,0.201847022056816,0.44113711686206,0.861096115614008,0.579194831013916,0.364603991435999,0.187597186114085,0.0944836748738339,0.0344435922923995
483,0.0702110200162494,0.271748504320851,0.319007312209174,0.0815985671024448,0.345009528030135,0.504639929093729,0.0898962974915288,0.284945560837564,0.119051820224161,0.0938456315861333,0.147552806980526,0.0984867749823129,0.23024319126212,0.114881831683994,0.0607307002319644,0.117890342606345,0.196074040852427,0.438125761393789,0.856527894512327,0.577374211777824,0.368455933470458,0.190564348072155,0.0955060840404279,0.0340386692402235
484,0.0709680264196403,0.272192630748141,0.315178033481494,0.0866978939060358,0.348928837286587,0.507029036680098,0.0861576033221277,0.285442176212455,0.116796999314201,0.0947951480778697,0.15490557853239,0.0991895203194224,0.230290300254197,0.123304620844135,0.0555928699066267,0.126742657237057,0.194098935393753,0.442148340170639,0.855994301463584,0.577416522368661,0.363765199977985,0.187607139681881,0.0932146857972659,0.034489827731466
485,0.0703273408082126,0.279197202179355,0.313775665271262,0.0852478364221554,0.344215608894125,0.513645413046679,0.0848076689650522,0.273908150277324,0.115633658984777,0.0928601707773488,0.155599503515013,0.0988760768413777,0.22378130257456,0.125021463165944,0.056415447361713,0.125625439714504,0.196937993882233,0.444469538618404,0.863734173125223,0.582336884642062,0.361682394096183,0.188753443247272,0.0926455512426709,0.0341247418372314
486,0.069451314344039,0.285209983651792,0.315419331539932,0.0856064968990304,0.345556747312061,0.516061552301291,0.0865901901737795,0.270064028336238,0.115048397673736,0.0922665409770998,0.162574701882755,0.0991973268676549,0.217692746093733,0.128388172383985,0.054708953246426,0.129722180472357,0.190118515075562,0.440927947455985,0.86467364985788,0.58080034740499,0.362392475523739,0.187993867775555,0.0940034477313402,0.0336389646278556
487,0.0688894308303505,0.288282814774024,0.311974157259175,0.0860719820634858,0.342026314754356,0.523152263698226,0.0830903713898701,0.261791155807785,0.115762523029482,0.0897639037095432,0.164732374551932,0.0994337774448272,0.213521510526804,0.130640472900489,0.0544564028306926,0.134731291691131,0.190043007809568,0.436268778943744,0.85585321640292,0.584433393758268,0.360476213806281,0.187483611777963,0.0951717701239528,0.0342718289157807
488,0.0710218054680998,0.286476571891554,0.305862522512208,0.0853156200599738,0.339789025931422,0.517997657409324,0.0890978745102249,0.262909358059149,0.116330712253771,0.0913314100155655,0.172172199559873,0.106057068863722,0.206777711590524,0.136692888673533,0.0519401114020387,0.135820178616677,0.187801659027966,0.43631894056928,0.86214744737219,0.57427762065015,0.357076699663468,0.186892981168552,0.0939838983961048,0.0332305876772161
489,0.0701970876573387,0.290532133195313,0.297906818952844,0.0833041954087979,0.333323567532773,0.514148261554119,0.0915491512355936,0.25294984513539,0.113308173926915,0.0906503117231845,0.183758942932724,0.103393302936446,0.202259100384325,0.142995826433185,0.0544964223381794,0.141724901686835,0.178476545447241,0.437414647210852,0.859713998121058,0.573037847268823,0.362970769024292,0.189140356999061,0.094283626358878,0.0328778499530264
490,0.0709703116815087,0.294865544787847,0.302691160293347,0.0868674436877947,0.336664824515453,0.530091671031954,0.089414920913884,0.248077210017575,0.112108365553603,0.0891439323374341,0.186608040421793,0.104049173989455,0.19688272412601,0.146606176237632,0.0549661606591954,0.144332634637517,0.177033856844666,0.434069691625715,0.863580528057226,0.577472371435078,0.364840283452332,0.189601800377758,0.0932391126709622,0.0342817443838663
491,0.0706068122203364,0.299137285912668,0.300904991513655,0.0861448850486036,0.332378298102145,0.536281823792625,0.0875066792541893,0.241477413264102,0.110668350247817,0.0881299032334199,0.191045126268586,0.103663771536464,0.194724721239436,0.153412704042353,0.0578969429330196,0.150643982318492,0.178668190586587,0.43673951782424,0.869312831612199,0.579284528196074,0.364918629869305,0.188990970071109,0.0944451697985901,0.0340805920058184
492,0.0701730462985351,0.299849761128574,0.296435413001609,0.0872612953251236,0.327835199559776,0.535338255279767,0.0891689251287302,0.237154375569162,0.113645031873062,0.0867430431115158,0.197670538715593,0.107851000255992,0.191839728700177,0.159012264238595,0.057345210443185,0.15510178388925,0.178645359100623,0.432690699619065,0.867993585510801,0.575342892179983,0.365357466276766,0.188434157154985,0.0937011131025375,0.0336554240166022
493,0.0705044183168317,0.300989814356436,0.294001002475248,0.087775099009901,0.325674059405941,0.539398886138614,0.0910989694074093,0.23159805638242,0.111448570427996,0.0859203542036671,0.207291542637016,0.108349738599695,0.191686974657145,0.167561499083612,0.0605558238007963,0.167584023257284,0.176764709599949,0.437502875560892,0.868121150290123,0.584362813237263,0.366211834470446,0.189154409232927,0.0947356500669515,0.0347431945418606
494,0.0725203990470518,0.31536349761763,0.291943046456224,0.0856783055390113,0.325985147409172,0.544758784991066,0.0863420577617329,0.225032566185319,0.112357438327317,0.0867102135980746,0.215419148616125,0.10723386732852,0.183141524622422,0.171318162070992,0.0574917328971915,0.173615790549692,0.178536147811198,0.44496575605019,0.876518170608484,0.586940924115018,0.366391639978764,0.191887842304465,0.0986083471767909,0.0338235447243582
495,0.0703481055593709,0.315729259141388,0.289564345655852,0.0863420587594848,0.32759455034254,0.544772784375471,0.0903468163303327,0.221884178614073,0.109809877463226,0.0870344364748025,0.222780809911337,0.111930940747076,0.178768389114822,0.174095465078071,0.0551828349769776,0.17791796003192,0.17062361897609,0.438180099600149,0.855585485203466,0.56929141864554,0.356157569851929,0.186482051390684,0.0923688224204038,0.0334762480140657
496,0.0699202237155495,0.316806736985369,0.28809496852671,0.0855576088805716,0.325049017522967,0.542916808438244,0.0880554176436423,0.217366833738465,0.111274747778949,0.0857963086454278,0.224721715748489,0.112679450168864,0.171805046402221,0.180637227178077,0.0523983907041312,0.180272012133988,0.166651314943829,0.426393866166225,0.863012312318856,0.575903898537776,0.359055734489747,0.189789012617403,0.09429475473425,0.0334938386105603
497,0.0699244950457317,0.317887957317073,0.285962223704268,0.0871673494664634,0.32203125,0.546315262957317,0.0892814062191402,0.21077838442801,0.115071070245123,0.0845644100155808,0.240410384252452,0.11302324387193,0.169640480849874,0.192298134909541,0.0551467310994848,0.192802028835017,0.170499780342665,0.433019289907744,0.867902661219571,0.578438006788193,0.359965624806147,0.188534100475882,0.0934004723376727,0.0332562374272219
498,0.0695373619005465,0.320022932945347,0.279614141033451,0.0893896847760828,0.319601226187294,0.552028029642355,0.0903527860925114,0.207959753219698,0.111408619466737,0.0839976579960476,0.250991345737776,0.115601060816266,0.165801233231012,0.196976234797161,0.056603893895596,0.201609979505813,0.164289728742874,0.425517751188036,0.858094574809422,0.56997329903743,0.358732091441896,0.188015014841285,0.0929219530864088,0.0327701714646813
499,0.0702130964373221,0.323563716023913,0.280988259306996,0.0892632660153346,0.319287182893516,0.548606908929349,0.090458336827887,0.202441262806619,0.106138009119681,0.0825114349152258,0.254490520563425,0.115901533042292,0.162069940107905,0.206637826065436,0.0546628718507152,0.205724595357125,0.16613983071821,0.424964114240459,0.851230746425539,0.579388871669789,0.35730736992467,0.187482798118776,0.093269125554193,0.0336061288018651
500,0.0692703842570095,0.333030133346411,0.283396178383704,0.0873783587379571,0.310410502757431,0.556670040079714,0.0958617504618304,0.199928603524889,0.116839133256778,0.0849911128863149,0.266999251085925,0.119519496729742,0.157126234623734,0.21599479015919,0.0551112834659913,0.221059406657019,0.162612156295224,0.416362337192475,0.876908616690655,0.577782112047232,0.371696765646916,0.190838589462683,0.0949148965428726,0.0342187996772981
501,0.0711010489279824,0.326549567894448,0.277230042880704,0.0917971105002749,0.306605884551952,0.55252340846619,0.0938241959031591,0.193133218984836,0.10931037555868,0.0817483541877525,0.273868048402554,0.122346538644119,0.154970363093045,0.222092472061894,0.0543115150026608,0.220268369560768,0.164497932784805,0.419397683081583,0.864138183516982,0.577482582192735,0.357156362721625,0.187423462718481,0.0906434549023659,0.0351952366620698
502,0.0692053711211914,0.333463690739031,0.273024406888523,0.0920205130263739,0.309860784392437,0.559860302677532,0.094819727860445,0.192077538103149,0.110372056486565,0.0828867559953771,0.288297096214967,0.126285516288645,0.152136973992912,0.227182948135576,0.0524693755303749,0.233175160984376,0.156135376628563,0.414229571207508,0.865848474289412,0.576400517696252,0.364818756533426,0.186846881377868,0.0940289213002141,0.0337285628951167
503,0.0699555170806419,0.33450753146434,0.272473157088633,0.0911241259905441,0.306244922421256,0.557310381567557,0.0961889358241659,0.190183586708532,0.108560749056902,0.0828300074544264,0.302502261175992,0.127118692538797,0.14789428703384,0.232360727112937,0.0547352333209278,0.232808186746421,0.154063725512176,0.405223971948578,0.86487670094901,0.576606815534507,0.364564525449899,0.187676456247122,0.0945102395550218,0.0336811593090558
504,0.0697598919434292,0.334599356427777,0.268944581280788,0.0919770777053869,0.303041871921182,0.5580887494041,0.0947890934640052,0.185775262124378,0.108775955718095,0.0781621658139367,0.310486137133386,0.129600413453917,0.145048832739989,0.24768914472944,0.0559601056767498,0.250264542930054,0.152766561499998,0.40798629532781,0.867651882170767,0.581452762358396,0.369113446405448,0.188317487843088,0.0960294890021824,0.0343964733634577
505,0.0710872784118104,0.342320786366371,0.264768735920889,0.0898008176313282,0.299123623924718,0.559397754368092,0.0945578049819789,0.179575151359125,0.106819212399908,0.072520844060153,0.319655238534879,0.131974806029508,0.138317219078416,0.251115238480194,0.0534744947453517,0.253775424413905,0.154566895715441,0.398775343573161,0.873312462128863,0.572217733791153,0.367105392849929,0.190278004443547,0.0928305796808726,0.0334904342557059
506,0.0722650845746024,0.343452743193505,0.270241406343427,0.0929892371676477,0.298240914707875,0.559713921258587,0.0976263166294287,0.175969717523141,0.103805258538142,0.0714552345994255,0.334048635493138,0.132470914458985,0.134894780642807,0.261549768137355,0.0526603056492599,0.257280513747096,0.153460089362801,0.395002518891688,0.857977807666443,0.572211566913248,0.362460282447882,0.189195413584398,0.0920431472763954,0.0337150369872226
507,0.0704378772767834,0.341740367959687,0.263456957640019,0.0925536454779277,0.291248687732927,0.560061151645583,0.0946643234289724,0.17140606251693,0.106236385759391,0.0748820846674098,0.345637656703096,0.129468437343186,0.130609969263664,0.267129333155152,0.053510009354537,0.268480114927168,0.154319430709608,0.39065199786182,0.867693226129575,0.569224322970701,0.363526969377169,0.188215281007405,0.0935489437627446,0.0343381126354953
508,0.0705924519230769,0.337120528846154,0.258290480769231,0.095169375,0.287193894230769,0.554862980769231,0.09820760314307,0.166200082478981,0.10350458955621,0.0730739162439249,0.353689080847139,0.135181586789173,0.130120348834624,0.271502314742754,0.0546588411610625,0.279664444572918,0.149315156339638,0.389103200615486,0.873950017292723,0.579618482103155,0.365728643486932,0.188780211734797,0.0953292489568221,0.0334499023073433
509,0.0716869431252579,0.336830473063722,0.2582241237041,0.0984690081375036,0.28905989009542,0.558593010700773,0.0998010110417581,0.167019446210608,0.103719182927812,0.0713108169826359,0.372530420804714,0.144045013298468,0.127405400939605,0.282889922473696,0.059216787838731,0.290443887211733,0.143772471910112,0.38462042032118,0.867012893304411,0.578678289731807,0.368788092521523,0.187182206428162,0.0927995246749616,0.0339245202779795
510,0.0713749213094114,0.3371636764243,0.257239691532893,0.096658128737803,0.288676424299654,0.559716320428077,0.102642382813366,0.161173463277012,0.107300100696,0.0718547182951768,0.381303991021643,0.146865670648669,0.122857866290111,0.289406291084384,0.0522317281005015,0.288163022836831,0.147811754394507,0.37840054535716,0.857428354577315,0.572245061053196,0.367863553362948,0.188340665669576,0.0935568453244637,0.0331928124651204
511,0.0689289294563887,0.340071688927018,0.255917528556684,0.0984688522020111,0.274984527350401,0.559886687772992,0.101839425049515,0.16284604920931,0.105437726251612,0.0712979498336206,0.393319807345506,0.145002370518723,0.112745261551817,0.297158430557565,0.0536367737777369,0.296283373012219,0.136957791310982,0.375993910058269,0.872439312309727,0.585378238525922,0.366244290697365,0.190243314368892,0.0919234247827669,0.0334681983189399
512,0.0727692828503095,0.34152336276027,0.254137547481711,0.102690476399831,0.279625294562465,0.566837849957794,0.101914984198292,0.155564225455115,0.100123070493901,0.0698441246376055,0.39908693551336,0.148566367174237,0.113023677521632,0.30327380815318,0.0545349162629635,0.315244502404506,0.142251180112122,0.374706490838079,0.866775260700767,0.58098971330645,0.359592710537125,0.189115715364672,0.0940781815210526,0.0346434192103671
513,0.0738403794678004,0.339391828058573,0.252024011966619,0.105709809478822,0.273047157927885,0.568142812155566,0.104066275531426,0.151605954596204,0.102945782525887,0.0671168808424002,0.410146820201843,0.151565209396003,0.111830594433087,0.308322613618493,0.0551496304450385,0.320540415159616,0.140207619122504,0.363867078156943,0.867391481870108,0.57432891519188,0.361635365034486,0.18708219587045,0.094631400561085,0.0332234790778538
514,0.0743023264919043,0.341534797323751,0.250550010005481,0.107844253808608,0.271773893524279,0.563399122997816,0.107618806398865,0.147583944005606,0.101357163250651,0.065768452108009,0.412137403424379,0.160196309145809,0.106633270993573,0.318426443472764,0.0531629965230218,0.330112132546623,0.133970142766832,0.362304169739753,0.87769283306528,0.583853312476591,0.362052219700809,0.189872180484258,0.0942145674061998,0.0341675524906916
515,0.0731798682596173,0.337023228596539,0.24687760500509,0.111517246330151,0.268062724606911,0.567240891727505,0.109504011898704,0.147107832009081,0.102454694899996,0.0669657129437551,0.426039140475165,0.16306986574817,0.099825581699005,0.322102681952315,0.0554066147859922,0.340909226229337,0.131697947405531,0.357190335048181,0.878948031621392,0.586398689516129,0.363151010717318,0.19125529233871,0.0934056000636672,0.0342412643251273
516,0.0742925481828313,0.333146284889899,0.249148047202329,0.113491611738383,0.268591070086474,0.562901768359581,0.112783265505594,0.143473209845041,0.103335100746898,0.0658173192113241,0.438596592899495,0.170641125666564,0.0995408121170539,0.329459474481842,0.0539844845779397,0.352840785628368,0.135642385371298,0.354141228119694,0.874186751334969,0.581391254149228,0.364622312021937,0.190604993505556,0.0934771251262808,0.0326856256314042
517,0.0744873261523432,0.327869790997198,0.238616918172704,0.114833196226124,0.257958893544821,0.551088716933597,0.110262908744758,0.143306632534925,0.0991986673184286,0.0633120481617742,0.444187012786539,0.173819470529214,0.0959667589303228,0.333461033498246,0.0526590327572303,0.364722101867794,0.13150862846806,0.34921973279864,0.87333290972274,0.585860375026841,0.37129739654772,0.190946265726543,0.0939414760053813,0.0342198736179704
518,0.0754985451888691,0.326559019188126,0.239684299575734,0.117426060986708,0.254034479664688,0.554236897086533,0.113533183995322,0.13951269229777,0.100443826263425,0.0613217531881229,0.457797636962448,0.184188729136391,0.0929607328480074,0.337425851851209,0.0532603146231204,0.379114018342892,0.129603935825907,0.345840710114621,0.879553224059055,0.590767580892061,0.364655869362118,0.191457000118427,0.0943784744000807,0.0333266578650724
519,0.0763963935882217,0.324404088063742,0.237009620229383,0.122231777927701,0.255201653330145,0.559660238947198,0.117083637378203,0.13771270979096,0.099426647207795,0.0613445593853286,0.470463536077607,0.194401970210757,0.0901498441153546,0.341404676539361,0.0555255650818394,0.390338815276695,0.128883904910366,0.341848791893998,0.875834997454873,0.58368612709973,0.36473233094483,0.19142773796938,0.0947040604565567,0.0336455969301852
520,0.0760987637531926,0.321774717499118,0.233394196567067,0.127161540782546,0.251879520120352,0.552296214764416,0.11954792471001,0.135154234417053,0.10231526608597,0.0625124938734447,0.475816659071171,0.200921979930695,0.0866193800360716,0.342545472239162,0.0572872361130935,0.400971259520689,0.128577923678781,0.33684158351607,0.875427730014725,0.580590414667743,0.364019284662518,0.189887901961716,0.0939483209043842,0.033893616111718
521,0.0768647131693493,0.31478996156359,0.232758822131906,0.130518098203755,0.247323179785672,0.557105475279364,0.124735740770043,0.131133476741749,0.100131278572986,0.0606385637490324,0.486415915768226,0.206199229357955,0.0826100426576437,0.342510408720739,0.0523378349008561,0.4046314226175,0.124852078974171,0.327777208630396,0.878507991895543,0.583870441242684,0.368174358397118,0.190446762546324,0.0940419422990337,0.0343132909638763
522,0.0770327815341571,0.315005455817207,0.228771228724644,0.131503240848683,0.244137747726743,0.547931918862206,0.131357983331672,0.133761147973667,0.0979380766847103,0.0617966429311294,0.49803559897199,0.220341150313994,0.0785653606815922,0.349007075633421,0.0514915743820071,0.428833399046868,0.118840221826036,0.323739877258546,0.885658124280381,0.582373259830432,0.373043146610377,0.191057979484317,0.0956852909877534,0.0340902083842155
523,0.076895003119888,0.311670856029816,0.224136988380525,0.137794770393106,0.240339249877734,0.553372050862607,0.133658094121072,0.131808735777822,0.0953279811997569,0.0631307541500081,0.49841139657726,0.229252630407424,0.0757491057589126,0.345618073889864,0.0533518923844726,0.437286957706655,0.11820676557257,0.320595317583335,0.87603316886673,0.5847950195035,0.36498966701971,0.191230955025703,0.0944793469556457,0.0337624925731704
524,0.0762241669968054,0.304185275251397,0.223106530846195,0.140981767913889,0.2403339177491,0.547083962001736,0.133954254871186,0.127705776518777,0.0981822531868468,0.06225318684684,0.503166941009838,0.233618305707614,0.0760505059970015,0.350701040104948,0.050705116191904,0.452985382308846,0.121057252623688,0.315814655172414,0.880314089282351,0.582330005650782,0.364845404030891,0.191295771331701,0.0962439724995291,0.0334201073648521
525,0.0773185813260461,0.302416620213002,0.222267321628407,0.144909735989505,0.239463244323921,0.539338360108806,0.136569746192893,0.124420469543147,0.0998589213197969,0.0601638578680203,0.504531472081218,0.246022538071066,0.0720717788374071,0.350243637640628,0.0537312006295721,0.469400848737683,0.115209375039666,0.307119864100427,0.879660914489057,0.577140989088727,0.368811237111192,0.191565392612918,0.0967079894531501,0.0333423018714228
526,0.0780946834824307,0.304297441818327,0.222626832464594,0.151703607411184,0.243201338294349,0.546054559934602,0.143540660101392,0.120854526958291,0.09886125967168,0.0616947315990089,0.510171589215839,0.258453172817567,0.0705431508771333,0.353745750389034,0.0529216745040349,0.4851883094244,0.111479072951301,0.301206693934472,0.878988838437125,0.584835267634031,0.369452639177812,0.191483787328017,0.0938010695963811,0.0340110440952214
527,0.0760911497841975,0.302617165863273,0.220842281329192,0.153440035469786,0.235895170813914,0.540239799284721,0.141291359951152,0.119322051290749,0.0953331312120493,0.061639497608467,0.518592218189219,0.270721963092371,0.0715939101946425,0.357268722297167,0.0542334553863943,0.494433994989401,0.114156215070341,0.306656003083446,0.868458205045333,0.583829205436576,0.369927182030041,0.188465353734669,0.0958798841580622,0.0345455049585793
528,0.0771802518141785,0.289640650003101,0.21468973516095,0.153348582769956,0.236238491595857,0.531442659554674,0.142775496065901,0.119814715292181,0.0975115125916347,0.0617242184285438,0.520783544803379,0.288180473099499,0.0685244201044552,0.351476899329711,0.0530831581840864,0.506632651766646,0.108279326750259,0.294784834965005,0.871377050432038,0.579688983342029,0.362657321744442,0.19153950700551,0.0944246573599216,0.0347646670314707
529,0.0784999813814932,0.291599739340905,0.2155586296779,0.158569986967045,0.233736585365854,0.530564140755911,0.148749970591201,0.118087188686855,0.0959375483144557,0.0623350124357208,0.524073118677108,0.29427111971902,0.0655381015649307,0.35490449801966,0.0554269797088775,0.516411885400987,0.106802184680329,0.287103662997503,0.876066093886823,0.581504752719012,0.366665736005178,0.191009010495323,0.0948807061182532,0.0334577877330355
530,0.077592306993342,0.290142423466438,0.212295783839152,0.160056596837879,0.23396884964232,0.528852409588792,0.150487071784295,0.115903390512601,0.0977209366668344,0.0611356582323055,0.523851551888928,0.30250636349917,0.0627882192770882,0.352879743005774,0.0536370986040961,0.532115328050021,0.105174656066425,0.283838244068879,0.884893857587499,0.583816807469987,0.365457130153084,0.189800622498888,0.0950939973321476,0.0343007152385187
531,0.079806295733812,0.289227253900318,0.21654921993649,0.166158083666989,0.238088085047632,0.537726080353445,0.15165080431456,0.114510767737842,0.0961959093793155,0.0616197887507931,0.522661142835815,0.317415257716568,0.0609953280502847,0.3561293445753,0.0518908174644746,0.554964897014345,0.105271661625805,0.282546364665529,0.882702263729571,0.586674576185159,0.369631572936758,0.190971043548878,0.0958728555476602,0.0336884072682976
532,0.0806902481361689,0.285195711627558,0.216226506987025,0.168441887183586,0.23677562845761,0.535709629481624,0.152649386332226,0.114993485839229,0.0922373110006395,0.0625563027290167,0.529330101693517,0.326620561480229,0.0599515774953529,0.354309434692281,0.0544416314102834,0.562823048001951,0.102639295657367,0.272274356343205,0.881678919125289,0.585420153986468,0.372945705983414,0.192527040957007,0.0954328334782701,0.0348596245784461
533,0.0778467441755482,0.279010083268013,0.209103783380049,0.167822736394565,0.233012873916059,0.516214198653102,0.152885282728491,0.116026709030432,0.101788363203098,0.0597081616442437,0.522256987539095,0.335718438167105,0.0600824954618171,0.341445496216109,0.0558366958712897,0.571266836865794,0.103498134993327,0.265882736669347,0.87222054001606,0.581713605794968,0.360786649324143,0.193401193622859,0.0921082081437366,0.0332528853553266
534,0.0779923322447774,0.277039811608711,0.208275370464578,0.167514654479216,0.232548541936754,0.52044168567537,0.161987245714286,0.108200365714286,0.09811008,0.0607519542857143,0.539041371428571,0.347720091428571,0.0589201899760017,0.348743356493988,0.0554775157370994,0.588111422432748,0.105298646797924,0.265845518853108,0.876356471962715,0.589774797221187,0.365186116822371,0.189812840494625,0.0942553526487917,0.0337989275858748
535,0.0778136174602135,0.274621017257188,0.209358270842884,0.168495808500884,0.236715538836859,0.51530216451634,0.159780450734406,0.109637668340206,0.095273218801779,0.0608499296116807,0.541672127471378,0.359321730680587,0.0569176344781279,0.342667876949094,0.0557830568749845,0.588654970033076,0.104612979035587,0.258313570913432,0.875629336762385,0.58662962066115,0.367915928390712,0.190094367114503,0.0954466604320271,0.034074116782592
536,0.077997582001252,0.272334755765761,0.209137940486955,0.168831055123007,0.233846524587079,0.513492351186701,0.161144942105067,0.109396328977252,0.096146691984065,0.061559700658997,0.53868423991958,0.368880673144942,0.0570383081200967,0.341911553676057,0.0519197797014135,0.597235385150121,0.105244645635407,0.255664247409712,0.888436312863217,0.589112556290724,0.372030604543511,0.189896739540617,0.0956085939268912,0.0338986603436564
537,0.0785479235048339,0.276383029671198,0.209240598962363,0.170404271088704,0.231255336824701,0.513037530848109,0.16650803051472,0.108270144289618,0.096521297246504,0.0606141767331446,0.536603444651887,0.377639238862993,0.0557906164326659,0.34363042286284,0.0559164534352413,0.616120171138988,0.106218767134668,0.248923685303647,0.886464358076994,0.590263400257874,0.365248065942162,0.191153020814146,0.0970380364708049,0.0346866365813225
538,0.0769368336908734,0.278271503380996,0.21062200135403,0.170772718745157,0.231335391567494,0.509301247175706,0.163442901284894,0.107031804396034,0.0952161492303679,0.0619181817440647,0.545014145251761,0.372909470388729,0.0578648249683678,0.339912608231821,0.0548973875505495,0.617999851142481,0.103386272855831,0.247012454412385,0.883750894387407,0.584013844285072,0.368319799657221,0.194812815115563,0.0944690001164784,0.0342093785879495
539,0.0789903916678891,0.279168769253337,0.208165762065425,0.173312930908024,0.232190039606865,0.508179184391961,0.164655963639928,0.106130567942373,0.0997167761062381,0.0623902459940217,0.537723575243789,0.387967498897437,0.0534805970149254,0.337432835820896,0.0520241519674355,0.621366350067843,0.102527137042062,0.241185345997286,0.883373982228501,0.579159385805108,0.366470907536156,0.189968695393538,0.0953949511097892,0.0337810462133323
540,0.0791329158193073,0.279109417515374,0.208798311615326,0.170659593995237,0.23075437156592,0.502198740989015,0.165402241558378,0.107042672205821,0.0978386135213157,0.0624497223607919,0.541929081378137,0.39533611926628,0.0520478782226917,0.338360025418414,0.0529294432707226,0.629309989106394,0.0992847316211666,0.236317441323078,0.890350666257598,0.586501878125026,0.366459829683497,0.19207062247614,0.0960250499589549,0.0338927996915397
541,0.0807678476291955,0.281448987746404,0.209974427277571,0.17018926478423,0.227487746403836,0.501265316995205,0.166685214632808,0.101321448751271,0.0950011946466913,0.0620689868104548,0.533981160098801,0.397884329141307,0.0508362358978536,0.33117239848491,0.0519825601759459,0.626809147558343,0.100549533661874,0.228226188245836,0.882036194462305,0.57947481581286,0.36611848587728,0.192561063309594,0.0949748219558442,0.0332264095077013
542,0.0796913055123587,0.274880566227059,0.203843504019636,0.168565599427537,0.230280758913759,0.493228941382467,0.169295521163798,0.103114003449898,0.0950269116174714,0.0612160528823536,0.537109323168599,0.401950278042484,0.0519670047990814,0.327607910600431,0.0509823642854544,0.635337290115995,0.101327914320022,0.223968892895985,0.889094921199505,0.581057147774491,0.368116315759279,0.190662038896219,0.0949719916077268,0.03343060352246
543,0.0801102194327329,0.277626413376773,0.207378090264469,0.168128928708317,0.234106398524339,0.492703502299732,0.173719696390102,0.102307906339971,0.0956522297610179,0.0632341098069218,0.545852382773964,0.406679538545169,0.0527086894442026,0.331707005333019,0.0550384376004263,0.640404878227371,0.101866174179403,0.218502991941487,0.872679831205806,0.577469508604199,0.36562976561326,0.188980444079816,0.0952722760816678,0.0337696564412693
544,0.0801929362275343,0.280082572167933,0.203412329107044,0.165285434071063,0.220773115598672,0.483362322608089,0.175476863245647,0.102176861251271,0.0936248060469476,0.0617693185217686,0.538091980614667,0.404458467122714,0.0491984009119297,0.320155577943502,0.0500853168072826,0.642771632241854,0.101673860689888,0.218090313957502,0.888178248792369,0.589168587743664,0.368627239106882,0.190609737620254,0.0970137258575606,0.0341233107420109
545,0.0811085094730493,0.278748620911349,0.203184988372001,0.166259871893578,0.225560156045369,0.486808213415457,0.182465911095431,0.10248355089081,0.094767507496913,0.0615656200388076,0.544607955547716,0.415855089080967,0.0483038572647758,0.321952199887011,0.052822662782824,0.641998028696095,0.104284368601777,0.212486198869305,0.885959595959596,0.584892929292929,0.367295353535354,0.19205696969697,0.0955220202020202,0.0338321212121212
546,0.0820787720303768,0.279891997420834,0.201711455795959,0.16511072503224,0.227921765295888,0.483001504513541,0.180291251074377,0.0994250574666693,0.0939820264246737,0.0623132663055428,0.537428571428571,0.419726438665574,0.048486414726967,0.317221922294008,0.0535021683334808,0.653716700592973,0.104642224975662,0.20883321532879,0.87935435654393,0.582651111921254,0.369709077652206,0.190107510025519,0.0956326285089318,0.0348091651476486
547,0.0814283018274463,0.27524634353474,0.202666557890102,0.161927106595792,0.223070341741893,0.473050946749284,0.184826309945118,0.0991894157872453,0.0956830488028951,0.0619239357070388,0.533859894389544,0.426901267804788,0.0493850492973025,0.314383410071596,0.0538402839717475,0.648186727093026,0.105061760239134,0.20157858640889,0.884536492959616,0.583435731608731,0.364697402236996,0.190230094475078,0.0952078210403118,0.0346109593503783
548,0.080225849668594,0.279140318713863,0.198785326470174,0.162078197715414,0.217394655196728,0.468407488365534,0.186214304406785,0.100084594888225,0.096289886678139,0.0600719542271671,0.53207956320727,0.422371789280022,0.0483614770235447,0.311920830865759,0.0484379331594027,0.651200281703667,0.0982889183219425,0.194365362453383,0.891704877899504,0.588328661484791,0.370830809719077,0.193154721831201,0.0948737376828447,0.034393678927719
549,0.0805794586685029,0.27668344862124,0.200820193902783,0.160245191555291,0.21512761354033,0.461627124479639,0.18481792627384,0.0970018858525477,0.0968359308283518,0.0586737119271278,0.531388770281811,0.422179405066894,0.046582905716478,0.307710915020142,0.0505235349127182,0.658662718204489,0.10458809706503,0.195659756857855,0.882334982247577,0.580662823632665,0.363420481110624,0.193484633183069,0.0957563449954123,0.0337249283919097
550,0.0814166918135966,0.278887873431909,0.195533603483209,0.161049058067854,0.214671164374704,0.464110876406432,0.191332322911941,0.100157055618679,0.100188853780649,0.0607058710166981,0.544416331086317,0.433257906380108,0.0474854060412752,0.299782132762786,0.0480680946140121,0.651294192417615,0.101934155468886,0.189011901754275,0.880285649122526,0.58539540336585,0.364825073422908,0.192164307263866,0.0945943134257888,0.0332694300621794
551,0.0828368928391119,0.280547850794284,0.195830634840497,0.161318782214604,0.213336663887943,0.462831480198659,0.197231445045473,0.0977155441954467,0.0992424537835107,0.0614620341199548,0.532413600427986,0.434321821316055,0.0493803374867518,0.29974300276674,0.0501541157743896,0.65005628748695,0.103109788386042,0.183514744701712,0.877692660660277,0.580588376120213,0.36633262842049,0.191153166920701,0.0950083512221593,0.0332719430058016
552,0.0842318698572727,0.284057822848171,0.199990744566565,0.159440719184955,0.211365648647691,0.462370878439798,0.201749073105245,0.0978144157305589,0.0978789133911121,0.0613841825755631,0.530663297336782,0.434698596331905,0.0477618182396489,0.296546954889908,0.0524367242105933,0.650657010631446,0.106891486891594,0.181782874386724,0.886639031888746,0.586265662153831,0.365072159996157,0.191276246367181,0.0965131702200908,0.0334498618928288
553,0.0856189903422336,0.281354947401414,0.199737692714557,0.15728407545987,0.209564577742081,0.454065312359198,0.205561307837768,0.0966187395544815,0.0982461219173461,0.0586331494660526,0.529846955989549,0.434483903112667,0.0462928095972471,0.29806873639683,0.0496917288761849,0.66080328577262,0.105760944976788,0.177706567977196,0.883445773610662,0.58418112583971,0.366980816898373,0.192440923950138,0.0963010741099975,0.0340522649710817
554,0.0851799365114158,0.281522567412586,0.197107182977857,0.156239878815871,0.207303277373091,0.450438587907421,0.205405850307911,0.0975758882046423,0.101158443865467,0.0609233775461866,0.531747868308858,0.439258763619138,0.046866625531006,0.291066782162945,0.0484756271210575,0.664185988561122,0.109757089968436,0.173544663834635,0.883945161404796,0.580422763458286,0.363007026342871,0.189391558925466,0.0939121470563882,0.0331987283975443
555,0.0862375089671753,0.279259580820909,0.191434294356011,0.152584419411753,0.203008255617814,0.446424220098106,0.213843149452531,0.094807096426195,0.0960423210636765,0.0597850283675936,0.524730753936225,0.444704256517066,0.0463165215130638,0.290542181203692,0.0476728194462498,0.663544780969713,0.104676329130378,0.172219030287274,0.880883590240185,0.583029423904243,0.366366243074627,0.192100201609703,0.0959990237010461,0.0334725548870509
556,0.0847395235238667,0.282376638957923,0.19443864084326,0.153104122032736,0.201488088096666,0.441755077555917,0.220568074711741,0.0942726248075654,0.0982838370668258,0.0605282093373967,0.526033727104213,0.44519907160137,0.0455984073800096,0.287076933118663,0.0497351725338323,0.669875549366868,0.106732692224011,0.167913580784126,0.881310234461341,0.578770256406194,0.367727562972616,0.193061980344701,0.0951968778099512,0.0340901002570796
557,0.0867095689474623,0.278015087226665,0.190480755059457,0.152151151516092,0.19692911330546,0.434885973145512,0.224341120241424,0.0936211261525778,0.0958094819573697,0.0602356100349614,0.520184956891355,0.442579946410724,0.0443802471265269,0.276967686168128,0.0472723331190316,0.663852492434102,0.106771219795211,0.161463934580465,0.884330938847394,0.587307770113484,0.36673042795321,0.193027754088542,0.0955557124554257,0.0341326500255844
558,0.0884293755859595,0.275969668205884,0.190924032413045,0.150638811625437,0.193294884014051,0.43312716634832,0.227182594584026,0.0929080496627236,0.0948204946720109,0.0611997888356633,0.529747267572588,0.449153582950435,0.045755813725759,0.276149588133223,0.0497053282204143,0.671332153027211,0.103999228361816,0.156216967422768,0.884849400456795,0.585410044727826,0.370372632755995,0.193443971259992,0.0964279596497907,0.0338303780452988
559,0.0876980511613417,0.27463484371214,0.189316591090034,0.149707985738516,0.190856415936862,0.428656928242584,0.235486411417828,0.0925567045551662,0.0961279377830955,0.0590503375779848,0.524374412443381,0.452095974703017,0.0478582379539353,0.279514165606896,0.050356824925816,0.677062667797089,0.105480394234845,0.157872226932316,0.891377846224137,0.581520546380505,0.370336091756634,0.193759465750781,0.0947372395023022,0.0332039095825341
560,0.0899694141762866,0.281338948568963,0.188227482545505,0.149706544857667,0.187843356503244,0.424358190897462,0.243375016102902,0.0909065524173872,0.0975932504440497,0.0621860597661663,0.523983292018816,0.458314367692698,0.0443916777211478,0.272882636319207,0.0465236333170425,0.667288277595476,0.102497835648956,0.154787963415486,0.885740840960964,0.578301724746465,0.368029706581331,0.193386879691287,0.0937435586719688,0.0340648768206311
561,0.0896108823835255,0.271770821378091,0.182843962426198,0.146805002137501,0.188347796448282,0.418352391112617,0.257570772144795,0.0895859250771677,0.0989205172575063,0.0588986413806005,0.519265386773922,0.459375526143485,0.0446789277613905,0.268177887722844,0.0493807481226423,0.672437098233697,0.10571572279741,0.151550327288966,0.889621381022094,0.586649448940696,0.369120641146551,0.194904846086157,0.0969654724746568,0.0344459807987499
562,0.0932064537029538,0.276941363631105,0.183510025338131,0.145771794842128,0.183439390959262,0.416994828244496,0.259825287356322,0.0905781609195402,0.0951735632183908,0.0572210727969349,0.517057471264368,0.460459770114943,0.044364177917435,0.262699046007618,0.0511173796593386,0.675208244802164,0.106875969294467,0.142210533292268,0.898750832738755,0.587601397030128,0.370091433729763,0.194236781627319,0.0978577268301528,0.0331875820420134
563,0.0936478255854193,0.276769465913023,0.181881047410313,0.145212942669281,0.180546810474103,0.406003922020994,0.270169105716244,0.0901274217845401,0.0942403293200996,0.0582090663713216,0.515727474450972,0.465991503665351,0.0427154361840284,0.258977871981967,0.0523499221970462,0.675232531384425,0.106207525242086,0.141433590596567,0.889767399963185,0.585742859268949,0.368353932738289,0.192743904970411,0.0956666679721616,0.0336487790358398
564,0.0952091895351258,0.274792919323623,0.179713499780247,0.144326749735911,0.178754728547085,0.404412912229839,0.278633725974051,0.0893131884868231,0.0944426905207148,0.057511650054944,0.514007557209231,0.472759306741725,0.0438741178388702,0.256211489639216,0.052588681940638,0.666505050348206,0.107340632593961,0.14189105843808,0.879137518173266,0.577660993756949,0.366157530146241,0.191260198409305,0.0933408449499701,0.0336177285555461
565,0.0959347495222365,0.274265712792618,0.178375146380632,0.142299448044889,0.171885893675212,0.40000064846143,0.285327296997687,0.0862510903378993,0.101422034606961,0.0613130199962409,0.508319671345115,0.470804337569381,0.0420457782659533,0.259407150196648,0.0522900471246855,0.697809942245686,0.107384757112993,0.141094107642703,0.877726005343164,0.5744711084149,0.370129589229674,0.192667533861428,0.0960860272758029,0.0332289522498454
566,0.0969156908753737,0.272416167732657,0.175676573439806,0.138728138364304,0.174562668886955,0.391766188547856,0.294941007491842,0.0881161580181091,0.0959672519189226,0.0586850783655835,0.50306912717746,0.478990669669532,0.0412631088082902,0.248017892918826,0.0470275647668394,0.671030397236615,0.104450604490501,0.136773886010363,0.877007881910168,0.577451644249753,0.363085386074778,0.191570466744817,0.0942811150357848,0.0341109224611303
567,0.099036942145899,0.275111207284562,0.177917183118097,0.141409964338884,0.174181837066787,0.393635702662466,0.30546159669649,0.0895614246386786,0.0987297315898142,0.05731280110117,0.501752924982794,0.479222986923606,0.0422905654703386,0.245087185833748,0.0502192831284193,0.678656704333846,0.101834002243838,0.136074856290265,0.882158270028429,0.577661485762222,0.369116465489118,0.195464289043203,0.0946437293191033,0.034109637880412
568,0.100273976339027,0.276240223654154,0.177064709692816,0.138876922027889,0.173013262418601,0.385316900207971,0.314400889091531,0.0880761085147612,0.0994935141912686,0.0571870853755842,0.496636270375014,0.484659523538128,0.0410227899783958,0.242308898414026,0.0516648426497619,0.675194610835888,0.106303898356466,0.133937221073151,0.886128973561852,0.581778932330885,0.365913775014421,0.195163390772781,0.0951779938908483,0.0344747863926195
569,0.101791938453147,0.282076910838883,0.178223175526717,0.136824484647378,0.172512920748199,0.381274915338985,0.32876296313269,0.0874662947093463,0.103357227963247,0.0586983823293541,0.500829800884449,0.494826088948972,0.0443199530192069,0.241586949012022,0.0538543249965455,0.680511952466492,0.108502832665469,0.127975127815393,0.890652094999035,0.581601583317243,0.370338756516702,0.195041278239042,0.0963142498551844,0.0341900390036687
570,0.102709554801087,0.279828327148449,0.174273142560655,0.135132984423114,0.165569870399404,0.379468175101797,0.335958494066541,0.0865379707456135,0.102312431417356,0.0588256162539453,0.500806927836918,0.484997002160707,0.0437618308324761,0.233120849671466,0.0545211563791788,0.684653264653075,0.107293748552818,0.129498597419556,0.890281636294125,0.584573722441698,0.371244552058111,0.193489486427934,0.0947896011214477,0.0332686504396585
571,0.107096782631441,0.283765697323977,0.176659907425309,0.137042193133096,0.165308123599723,0.373305064313253,0.343277107045416,0.0861915948644369,0.105449833845056,0.056757213057474,0.481115579906775,0.488681540074194,0.0428098651231905,0.231595339168241,0.054932360173147,0.677911594693097,0.109816937699759,0.125877550555051,0.879548239159451,0.579059516068312,0.366637804168521,0.1935558027311,0.0950738218282624,0.0337821486019371
572,0.108522381869799,0.288224866817224,0.172696935193808,0.135368466692053,0.166077327069753,0.370378925263067,0.363605386611784,0.0868194815414532,0.109842275709173,0.0578687926090148,0.488831273976438,0.503494639114414,0.0438360904845748,0.234016810839777,0.0562002908979561,0.688566485493378,0.115180812217714,0.121356660032152,0.881850165720599,0.575658844146444,0.364038942435902,0.193655903082022,0.0955603261076613,0.0330129867804488
573,0.109880229724241,0.288392923229679,0.17401032405109,0.135930823216139,0.164014036196236,0.368760888206887,0.368601606458912,0.0839842812092418,0.112484117706755,0.0588144491093813,0.485654479780193,0.507288903255391,0.0446366408489358,0.225988465877905,0.0561784396535952,0.686270239982924,0.114504787461121,0.122530009300482,0.88592236187982,0.580811858122769,0.368729081178199,0.194791523604333,0.0960168781832162,0.03385884715233
574,0.110626218827314,0.29057641342921,0.173375143199382,0.133242504188699,0.162109115130437,0.360294567192695,0.378017432395767,0.0847794383648368,0.114735586054083,0.0575261598987067,0.486191892014109,0.513145970878177,0.0440868374820324,0.221061374888772,0.0557982272011682,0.683905405097082,0.117307399210568,0.117144014237149,0.872898870274816,0.585831950537586,0.366384538449299,0.194933887209329,0.0952145227649853,0.0339572272861592
575,0.11013794104355,0.294858256144206,0.169200310838566,0.128968772849023,0.158996472753861,0.349308310706294,0.395693376333416,0.0866859340114116,0.116622674274374,0.0591984619201191,0.486642272388985,0.517360456462416,0.0432272629460864,0.215071143544228,0.0576922876547358,0.690556086180145,0.124763687912204,0.115524729412919,0.887808555837881,0.58588286749698,0.366271170908485,0.196225642520931,0.0945961594534927,0.0342206564751947
576,0.1142434421965,0.298250773948113,0.167262522462022,0.129948618700948,0.159334135262884,0.35248117617974,0.40661189516129,0.0858118279569893,0.120756418010753,0.0581854166666667,0.479723454301075,0.520529905913979,0.0437023189456044,0.21664031432583,0.0594807849087368,0.688300874133792,0.119184270120929,0.113935866660628,0.887554671593394,0.583380325767288,0.369423938616997,0.194368034084911,0.0947674345826107,0.0334246127743006
577,0.117110438215234,0.305807539059759,0.169473473336706,0.129009682315189,0.156306399855245,0.341221581740232,0.416089040866271,0.0854595527842033,0.122610412685641,0.0590398605384022,0.474933454021255,0.526177545341782,0.0440545593759901,0.209180274135876,0.0629043051553236,0.696529473001313,0.12098415081245,0.117718678806898,0.884942362141027,0.572205406498584,0.36863051098827,0.193447316974518,0.0951940474585412,0.0331268774437104
578,0.118127121664365,0.312101171648773,0.173697654474986,0.128502561589522,0.157772475163719,0.340186528266583,0.423891595069107,0.0849539820694808,0.132982850205454,0.0599602726933134,0.472115726559582,0.533457265595816,0.0439263151982626,0.204414778896918,0.0638656943872393,0.688729658890928,0.127917845508668,0.113030220541431,0.887397764900662,0.574264072847682,0.367711465231788,0.192680836092715,0.0954387417218543,0.0333382947019868
579,0.118881190735785,0.313705884296428,0.170539432385106,0.127819803746655,0.15764049955397,0.337445633858658,0.427775787541449,0.0854485396435339,0.138404277445523,0.0608656109367598,0.46822462695405,0.537804691200853,0.0419427495052357,0.20075038065986,0.0666913606111508,0.690021099966704,0.13193864174576,0.11249264307012,0.886221208382855,0.57870890941642,0.367202511697182,0.195184258827423,0.0958930779761994,0.0334912342595797
580,0.123237429575501,0.323202666369164,0.170127360963909,0.128403447314107,0.158818965805768,0.34144829586657,0.446404383100563,0.0852033197183676,0.142836869873444,0.060353150120822,0.467127602140168,0.54432546346113,0.0425252737267389,0.198374701491416,0.0722653459695709,0.698305297307039,0.139429101395293,0.112162133341344,0.888459621230717,0.577849247559525,0.370155057495138,0.196617091822284,0.0962289496044259,0.0332066199656351
581,0.124950338751873,0.335923294501711,0.172997462155938,0.129622934507971,0.160963452809516,0.335680902443933,0.453096427056433,0.0847292086834213,0.154967701364134,0.0622173199574313,0.453100110887022,0.549679097424295,0.042635181846626,0.193924843929258,0.0708876551395325,0.688362486404339,0.144796921793286,0.109341478313989,0.870830349626803,0.57970660530894,0.371368988158707,0.194398316403839,0.0950653347550367,0.0332520882204389
582,0.127223777440492,0.342537507866583,0.169172979676452,0.127780842557287,0.161561711028024,0.332595727982823,0.466060922599993,0.0861470836000944,0.162772719614516,0.0616210533409711,0.452617178286215,0.562146443373657,0.0430433502700332,0.190267769596456,0.0756432402496274,0.695054396913482,0.152749175776183,0.10847716147353,0.870352509179927,0.576488372093023,0.367204406364749,0.195403916768666,0.0951572827417381,0.032139547123623
583,0.128394514202658,0.347568491717716,0.168945600828045,0.124444310678329,0.163514298088817,0.32330295578255,0.473949829979375,0.0879265399409109,0.172505802999052,0.0598083839678912,0.449483583254362,0.557594960700151,0.041108141374416,0.182620719735052,0.080022170146076,0.686995830622745,0.153234394405346,0.107145588148323,0.886508752058541,0.576370671475517,0.367175380224595,0.197484701595416,0.0942357951370001,0.0338418261958166
584,0.128340544848361,0.356318786008832,0.170042698798,0.124229177024537,0.164135864796888,0.318635349340508,0.474258127867872,0.0877941629228208,0.183958167367446,0.0601231057739517,0.447133438419426,0.561110491751234,0.0431361342042755,0.179962555671021,0.0850318289786223,0.685456687945368,0.163814797357482,0.105363865795724,0.887989983529966,0.57997445464018,0.368138953312494,0.195742395213606,0.0951037276057948,0.0338311283654331
585,0.132252113814361,0.360291929270122,0.168529952196809,0.124165933974333,0.164363257140579,0.31638250526415,0.487623817020095,0.084889726826558,0.193747006204278,0.0579790350958422,0.448588535975553,0.570886859894435,0.042294889840319,0.175343933408059,0.0885304239172378,0.68893783649694,0.166523235515702,0.102937369765348,0.884894817378903,0.576326444961114,0.371716051491944,0.195819577635322,0.0964232040587418,0.0338714825846995
586,0.134677531206657,0.374650947757744,0.171945380093785,0.124072749488145,0.170488739184994,0.314627897761046,0.486818121819222,0.0867819947787572,0.201502526289544,0.0636411458868046,0.444997616707977,0.573290482964962,0.0444957107572884,0.171631511048384,0.0984141710404446,0.698126185330569,0.17350652758788,0.106614684867464,0.890589810537591,0.578669076789181,0.370146281047064,0.198676775791658,0.0952416482560086,0.0345567316060789
587,0.136042188908305,0.382546270578497,0.17392496275177,0.124373063551918,0.16996496275177,0.313834279407707,0.500022344165873,0.0848539414451418,0.215687181677784,0.0621841750731114,0.430584234219433,0.573689416094371,0.0442711203420352,0.168403283361137,0.101547631936542,0.68978556514246,0.183742302550902,0.104272810632257,0.886252233230469,0.580242000974501,0.368068864706838,0.193600129933409,0.0933320610687023,0.0338403727464674
588,0.134794659830323,0.386258839631967,0.169922200375854,0.123358994970507,0.174014892946761,0.303312002346372,0.511041037523473,0.0866926303767721,0.230816994827757,0.0626758288218047,0.428583617934836,0.579684284506331,0.0421617456441515,0.16557194264417,0.105577946279399,0.700486753447041,0.193016465015514,0.104078050929921,0.884208820242597,0.578510483196542,0.372873794598915,0.194700757099193,0.0961671057792645,0.0336555379992747
589,0.137296162794508,0.401492610676017,0.170629943965659,0.120640266081201,0.175307926729364,0.303105744339221,0.515778152032458,0.0859459432858346,0.244139226386413,0.0624708719283472,0.42372272831662,0.581939830054352,0.042457683766296,0.161792860357535,0.113313253012048,0.696536679479707,0.202443492278975,0.10438025217834,0.882514746260704,0.58449044915963,0.369732421051074,0.196271223884132,0.0951775694017866,0.0331915855653165
590,0.138885995349278,0.409616351880335,0.170819977694029,0.11805408833456,0.177179278773609,0.296546073493071,0.523158965001759,0.0848418044319381,0.258734930091453,0.0636357061202955,0.425286339254309,0.585411207351389,0.0429406751631681,0.155032765919915,0.121262557329335,0.689782369024519,0.205738831804551,0.101710100987829,0.879530036356097,0.584167660103811,0.367277809452585,0.196077588058022,0.0957049602748551,0.0336826364464321
591,0.143631461303069,0.422322810144389,0.175595498584101,0.12111175840241,0.179702285691139,0.299323351463218,0.537619245507837,0.0854343662427644,0.272005884126832,0.0649806963864106,0.423159665781596,0.593669415044241,0.0451097211950895,0.150850902233397,0.129205908889218,0.691436880638959,0.224515922200858,0.102223247300695,0.900124507321657,0.584006122821868,0.374113290848954,0.198299388090701,0.0966274139840479,0.0339668524892142
592,0.141314001855997,0.421068398930073,0.172837927834489,0.120615459359135,0.180503280746766,0.286765838746657,0.53088723398829,0.084510206907105,0.284716571149593,0.0641292012635215,0.410083651824783,0.585395287662449,0.0429358215182369,0.147249990850467,0.136125996384105,0.6937804404951,0.23089625527928,0.0994427568639794,0.881055133466055,0.579827733311665,0.36344123024418,0.195975338235892,0.0964049079754601,0.0332972209807825
593,0.14368908703025,0.433456922487829,0.169398796564739,0.117536392976314,0.179580580931021,0.290076516601936,0.540800679497553,0.0858380811516312,0.300305521283723,0.0640223655740766,0.406318155691341,0.592315343977331,0.0424891097250724,0.145897606085191,0.147041343764111,0.698799371510175,0.243645200606463,0.0956934460111821,0.881765794929215,0.574663813842112,0.367513386472734,0.194771083001674,0.0946856312982939,0.0336012239060785
594,0.143786215673043,0.442219993251966,0.172695223565309,0.118238179937801,0.18187808062434,0.284228523647459,0.54240725076862,0.0860564843554627,0.317156364465497,0.0649607856838141,0.399613888112505,0.602306190146957,0.0420891130929665,0.143813426061439,0.157622431852623,0.703538142893665,0.25221922020949,0.0956726480494122,0.889752275176626,0.57886948419351,0.370649847323674,0.197870337384744,0.0958477165908274,0.0344805865315531
595,0.144154098760775,0.451083350899187,0.171833065222938,0.117600552492317,0.185420848264309,0.280208393889302,0.543562629575595,0.0884726369250683,0.324924552724241,0.0637748538332437,0.39138246876474,0.596586773142613,0.0414006850707057,0.13827383983239,0.168022602899172,0.697813020777522,0.26310802242184,0.0968808368652288,0.886444038088442,0.575389804428785,0.36599916374908,0.194760932587026,0.09425160002676,0.0340293412572754
596,0.144745984684572,0.452068247439429,0.170392452314668,0.117050709280086,0.185048098863527,0.276901214009851,0.546661921235681,0.0865221252646254,0.340855125434281,0.0645523902957166,0.388072346922969,0.602011632452847,0.0423520492229133,0.13551347840931,0.182217636231389,0.691902971781436,0.279896132379355,0.0983306143957724,0.885882392443032,0.579616331647043,0.366734420468281,0.19503824372118,0.0949553319604244,0.0329713020996553
597,0.145427545994655,0.460784283411003,0.169134019480089,0.113273372794134,0.191620767718709,0.268257923448992,0.558037362243527,0.0902588141743571,0.363228406952782,0.0702513999641609,0.383006675029119,0.607739897858615,0.0428095252284096,0.130966195756219,0.189014347063359,0.69325848178869,0.292825574422598,0.0997658583097133,0.880941893493351,0.579701510505822,0.369914102443521,0.196293790560749,0.0962904008577717,0.0343709764677113
598,0.146093823666339,0.466446317329648,0.165488453551872,0.112893491867606,0.195899991132328,0.26842071192628,0.55914040232354,0.0868176320065747,0.371077569622145,0.0692609835820617,0.384742561497226,0.610213078316741,0.0426987797357651,0.130624203464579,0.201031069086016,0.697615794292976,0.308094926466466,0.0975222058191468,0.889262018904618,0.578186536113247,0.3696340283117,0.196813113382479,0.0973247026366967,0.0346172775993849
599,0.148002339112244,0.468550008670211,0.166336348845017,0.113114210660301,0.196972900978811,0.261161110967632,0.568156069646324,0.0869174179643057,0.384428556945295,0.0711096550351649,0.378239128557321,0.615626940826158,0.0439278737620674,0.127996245079466,0.217244603010743,0.701621082007011,0.325380801125342,0.0956596068110402,0.887090309420864,0.576133610310773,0.364898379832236,0.195589774123145,0.0947325502334649,0.0340401916553659
600,0.148637553716084,0.475519912727487,0.16613241613657,0.111959968157326,0.200686128535311,0.257245881459751,0.561962795920277,0.0868154131187424,0.397882361747918,0.0727925591840554,0.369058512211098,0.610541068588004,0.0450989044695974,0.126728457661329,0.23447703854616,0.706443407694085,0.332915443835606,0.0951663100733509,0.878297740765171,0.575200775065963,0.365226129617414,0.194836123021108,0.0931883657651715,0.0334662640171504
601,0.148510074713856,0.481245267937431,0.169755631293227,0.112405963786538,0.20331688444331,0.253373191824772,0.555189200040149,0.0871612633410285,0.412195456522467,0.0700674495633845,0.361821205125632,0.606705811502559,0.0430591746641801,0.124091449690376,0.244454759355861,0.705871164692665,0.343566360132096,0.0970499824098837,0.880769132080313,0.570880711512266,0.368823778456151,0.194036085022244,0.0938451547659926,0.0344819510740983
602,0.148304061421722,0.490123717268884,0.167743756254948,0.111210670381048,0.213400772252677,0.254415522726933,0.57339768019884,0.0856495028997514,0.42684009942005,0.0740799917149959,0.359422493786247,0.619792046396023,0.0451903594431747,0.117366133388739,0.257397382090173,0.700941616455433,0.360549761063786,0.0925240390608768,0.881401813099132,0.570662426293333,0.36463436965945,0.192790633452924,0.0937984766345621,0.0338451214957502
603,0.148038436298518,0.490428408825481,0.165175938662089,0.108874343298025,0.214325957756035,0.24617477077996,0.56822560136035,0.0847671717817722,0.428333082531394,0.0785395878320931,0.35411380890397,0.617797482450134,0.0418432747660748,0.114715175608018,0.264804811640946,0.693439966997319,0.359003045247426,0.0935874777325658,0.886784228762956,0.570399602925968,0.365505722093471,0.194325306298077,0.094056315062392,0.0333190165246209
604,0.151398576632741,0.500227550982086,0.167060036804747,0.109412344612611,0.219540781913096,0.242308885717505,0.57452151211993,0.0860822893368796,0.446451520280481,0.0802927522214834,0.351627138366681,0.624797988575228,0.0438077030169397,0.112873693399457,0.277885861998901,0.696921765763868,0.373905051812497,0.0922784630088123,0.873123673788964,0.571264311731932,0.363651559680915,0.192935434089439,0.0943810409976511,0.0337379100616156
605,0.151510851387449,0.509567306600882,0.167045316271784,0.110081116769707,0.222088683985501,0.242265658461282,0.578810600773366,0.0867737847778931,0.454206733943224,0.0816384457229086,0.350154307271527,0.6270342355937,0.044356256994724,0.115302526094603,0.299694162117717,0.702189320055729,0.393033369115867,0.0908368659068588,0.882435192279105,0.581189580450767,0.365783364398349,0.192927605173183,0.0958264513842037,0.0338284810922688
606,0.150951669743874,0.511497095690537,0.162252523247584,0.108856361205466,0.222772153083886,0.239032702037698,0.576176606270183,0.0865898652424548,0.466619284618587,0.082151653808504,0.346140019577912,0.618215784597959,0.0439264201512708,0.110060213051082,0.312165443932132,0.703608240397938,0.405193858314216,0.0942962613850591,0.886691586416624,0.58726558540294,0.371469336036493,0.19559908768373,0.0959722503801318,0.0338552204764318
607,0.149862456805763,0.51558897825484,0.162668140830079,0.107965796910253,0.229663392274884,0.23465275955895,0.58286082698709,0.0869741770081078,0.474813248152931,0.0869835496294501,0.355768210340558,0.629960123756471,0.0428190747266307,0.1116352842322,0.322680128537526,0.70221004303509,0.406375022236689,0.0927014681892333,0.891712115823649,0.575768926313857,0.372275299138436,0.19405023690158,0.0946523454977228,0.0337266155769959
608,0.150169598648895,0.516439436493972,0.162676396954062,0.10653906560969,0.230395038260229,0.224338669057389,0.576421177010698,0.0835137521120188,0.477607821149164,0.0888243552933119,0.341875807647296,0.621286553448659,0.0435746869954611,0.111300735674902,0.336897660462424,0.701681009534834,0.424207626344168,0.0889626298473817,0.877025571545678,0.570951247836779,0.363200257309409,0.192266554330996,0.0941780444484926,0.0337495183987613
609,0.1526949026305,0.525698814713948,0.165624266954556,0.108384486332158,0.240535929101011,0.23118272438996,0.577181438269387,0.0852396308832706,0.493478017510353,0.0927742866327553,0.341228474178848,0.622653707240512,0.0438179934073429,0.107706058424582,0.351389421437502,0.706799909066798,0.432838517788808,0.0893033039063388,0.885331591020623,0.570486516097372,0.367459103203497,0.194004507948826,0.0945149104687126,0.0336602410326056
610,0.152958767264869,0.527219881612327,0.161369906981114,0.106837027153998,0.244592415672273,0.226064914028,0.580146830449749,0.0874073128062904,0.497807367215927,0.0965603399090906,0.335372090123517,0.627511099188012,0.044405050367547,0.105365879390144,0.360523277974408,0.699745099373809,0.443743533895998,0.0862734821671658,0.89433491645881,0.573952916253801,0.36681863532306,0.191188471657498,0.0938087607202651,0.0333738955137185
611,0.153555704788631,0.533623474946351,0.160910470159221,0.105421770187734,0.244068122814652,0.223103958761649,0.577918743937377,0.0865195695819892,0.499701098603623,0.0995914525479934,0.331107717295676,0.628201515937648,0.0435640020888827,0.10600402748609,0.375214429821431,0.70437136277055,0.451767397650383,0.0897386604851768,0.898483668170015,0.573392100587673,0.361689080224136,0.19238085964193,0.0935856908569086,0.033531922235889
612,0.154315539199471,0.541373221964935,0.161124338405557,0.105713157459477,0.250241606020509,0.218833154151505,0.581895547764855,0.0900069401603948,0.51681140067107,0.0973942161568439,0.325334338935616,0.634020214862852,0.0434523425666252,0.103375856716507,0.387012215240181,0.694257562350965,0.452989696906072,0.0866125654253963,0.88278044695701,0.573504383937435,0.360875965261937,0.192916421009556,0.0938038860555173,0.0333510840488334
613,0.151635200750092,0.532378193751465,0.158632722767304,0.102407963031176,0.251484613066336,0.211058333054281,0.582086270277562,0.084442649489056,0.519898485717177,0.10305149910627,0.325209874877744,0.633129742673097,0.0433821186823105,0.104528914711191,0.401454083935018,0.705449458483755,0.463239733754513,0.0862132445848376,0.892963752421335,0.58021296310419,0.360737393804432,0.194512282079832,0.0952782323871696,0.0366379501395604
614,0.152032047216481,0.542324188000388,0.161322184583013,0.10523343729714,0.252417460696458,0.216131151088262,0.592187739621244,0.0864763698386753,0.524159469457526,0.104890401684689,0.331788807887817,0.623656045094614,0.0442026628813074,0.102465829577083,0.403450374757996,0.699018940421468,0.46660859806694,0.0861424749263304,0.885815373955482,0.574562592024944,0.362164788196706,0.193141580023573,0.0923711198894383,0.0329328698979112
615,0.152330991334605,0.540699923048613,0.157731807688447,0.103701562447723,0.257556559269296,0.215688547626217,0.590843938752312,0.0861337731517596,0.529293021597165,0.105755265562663,0.327048409744356,0.63109824592685,0.0439677289865131,0.102300680910131,0.420832173472642,0.706914708033989,0.477304383710679,0.0877634972144586,0.897796914095079,0.580034612176814,0.366507547956631,0.19472539616347,0.0935992493744787,0.0334824770642202
616,0.151496688080418,0.53991279166528,0.156383949672137,0.10228722164897,0.259775455180907,0.210687547848084,0.591082369618742,0.0859666865627099,0.533653062747146,0.109354633291054,0.322076109826158,0.631330896068045,0.0438680775434614,0.100162166198698,0.431117823645379,0.700641316685585,0.483648179401398,0.0866113231077125,0.902943609022556,0.577255639097745,0.364736466165414,0.192993233082707,0.0947759398496241,0.0331333834586466
617,0.152824704166713,0.545465596509,0.160305184179181,0.103694448464339,0.262787723614343,0.208096792866605,0.587503017484595,0.0832917449842493,0.547467517665831,0.110571894606643,0.32367491881752,0.629432638159689,0.0432164035899887,0.102324935786393,0.434950831790216,0.69395652888119,0.484677027955319,0.0873061757063497,0.894855422456597,0.5744955290527,0.363140161096933,0.190959695697441,0.0918837854396338,0.0334209794362735
618,0.153892809276633,0.552010640582307,0.15998496471651,0.102295503854157,0.263627479655533,0.207982543373146,0.58404702412649,0.0876118461475444,0.542090279768976,0.114489083684922,0.320610576332282,0.64259697702044,0.040623460717895,0.0983641351948198,0.446057678631583,0.707195792940824,0.487651981884194,0.0863668188793652,0.876174227292921,0.572229809189232,0.364388834340712,0.187884781805217,0.0925977853854856,0.033735849352453
619,0.152856081670834,0.548762378972412,0.157564915718026,0.101732326933771,0.263608660585057,0.205076194439636,0.587982527045432,0.0851153790789605,0.54575644162948,0.11149645115213,0.319616680138632,0.631030771445339,0.0437180042175921,0.0945761171421358,0.45310984302835,0.696066872596047,0.492478577899223,0.0863006333813505,0.889564623649442,0.577096525416077,0.364543879977127,0.195392561019653,0.0933612875071478,0.0338811760766846
620,0.154034800852538,0.555040628746503,0.155759824164114,0.103176102304516,0.267061009724257,0.208261122951912,0.586389602171978,0.0855073502902592,0.548745521031837,0.114080577281055,0.317038844702126,0.635167386489887,0.044455767487466,0.0991586109929144,0.462448115738257,0.697987271751799,0.496624572179157,0.0887514587534457,0.887359247724006,0.571680380031145,0.364372446993292,0.192985441872305,0.0935707429923335,0.0337101641111644
621,0.153581593162944,0.553148431831009,0.154387769088124,0.10199540433766,0.263931186003386,0.202986172700153,0.58587109824034,0.0861858365019011,0.54608011318419,0.116228048456981,0.322584191794146,0.635999204173667,0.0441750953271028,0.0990743887850467,0.472072710280374,0.710927327102804,0.506232336448598,0.0885085906542056,0.896555894645058,0.580213701554466,0.366457240897201,0.192162440993415,0.0942236124056646,0.0333273309480141
622,0.154741720103127,0.553301381635486,0.153249917366299,0.100044952733523,0.270286441462286,0.197036854630793,0.585551733905232,0.0868986363452434,0.55592198438069,0.113110184922915,0.316529559341237,0.636566179743455,0.0440316863291929,0.100395369062253,0.469953470451168,0.695326826046273,0.500429260774636,0.0858113828596591,0.888580938927627,0.582378539011782,0.36669045669031,0.194456953294061,0.0956060989721087,0.033828359807045
623,0.152765896433751,0.562226552552619,0.155315459648579,0.104027513590717,0.268222599895924,0.203837177116664,0.583015978670589,0.0857310692286476,0.558397499310472,0.115845928105176,0.316776699457571,0.630796653489014,0.0423154887151432,0.0967283217789984,0.474421138895657,0.69842410684622,0.501442999844958,0.08754878291878,0.902948847785738,0.583566235849092,0.365622666300227,0.192423821338082,0.092386930151834,0.0333649369962239
624,0.154280912559877,0.560912559876593,0.154956442315499,0.10345433141187,0.268523991231631,0.198790614597711,0.589130641400716,0.0855350178950651,0.563218067332967,0.117182173247991,0.315628016543654,0.637879360529872,0.044446035685538,0.0978116782935337,0.482135430641266,0.707510732492621,0.5001502548967,0.0877480211966729,0.895741205186197,0.573433840159437,0.360084410058893,0.190927726896119,0.0930103119331796,0.0327268043083951
625,0.15324991663888,0.558795598532844,0.156404668222741,0.101726342114038,0.268012670890297,0.197598366122041,0.585695112432633,0.0864381676268352,0.552475562163167,0.117084196246051,0.315647545065973,0.635299981416094,0.0447077759102797,0.095720245856541,0.489955946306499,0.708741775262099,0.508315257124338,0.0881090225280564,0.885328375583458,0.564782947751495,0.356295645392796,0.19015214565839,0.0920062273256405,0.0331187882144189
626,0.15438306122449,0.557930204081633,0.154192775510204,0.103095183673469,0.271889265306122,0.197011102040816,0.581318782650728,0.0854769265091376,0.554517057390916,0.118533491977914,0.309789072115116,0.630891483388797,0.0458157376925826,0.0921793750823003,0.49521044413928,0.693642506442935,0.514645798453696,0.0872963261159917,0.886172217378011,0.566291913438346,0.355706942824465,0.191309341275324,0.0927633822913246,0.0335722411586851
627,0.155049019460797,0.56367524091642,0.158149428175035,0.103982110315347,0.270623139225318,0.194835370655068,0.580569520555543,0.0860867814434362,0.557525236838018,0.117687285070885,0.305335111929537,0.631318194928228,0.0447696930310792,0.0949497763675981,0.505770824572805,0.713992889636454,0.52337654344585,0.0905998165067472,0.889684134714315,0.574178270114548,0.3592983743741,0.189372179161808,0.0901375265793264,0.0348894814459154
628,0.154918640576725,0.559553450051493,0.15543658084449,0.101628630278064,0.275781132852729,0.190058496395469,0.580466111422647,0.0864299967257413,0.566441896962467,0.119836241903737,0.309081912919773,0.628742345949893,0.0448036179178185,0.0969384884955888,0.505546694374897,0.713686856099964,0.52290878905576,0.0835206335573764,0.899320536059876,0.571662674704244,0.365438884652086,0.191242955304073,0.0925768238797276,0.0326470730931513
629,0.155438869847569,0.571539641021016,0.151258433300262,0.102799821863444,0.275085077117345,0.195306304681158,0.590879773402041,0.0855220625874484,0.558922977169573,0.121004129270041,0.314949936866533,0.641211821315224,0.045239668858379,0.0946465437945014,0.50500391782782,0.705494498007018,0.520698395393997,0.0873554321534426,0.890405773161346,0.568980676199792,0.359590888849136,0.189447956670841,0.092548663472042,0.0337092036401975
630,0.155308417628414,0.566496079710035,0.152839385644308,0.104308531369903,0.28057406845721,0.195462279531082,0.595621950012562,0.085988976270051,0.567320731159547,0.122914341507236,0.315558213363989,0.646843010818177,0.0461245101713974,0.095800115855113,0.506951306777524,0.703363546529458,0.527911541213753,0.0871843800047705,0.882639723465571,0.573712405726899,0.360107264393893,0.188904462260102,0.0935405527622785,0.0332490959746152
631,0.157255354257362,0.570429557249587,0.154209489953045,0.103668543619185,0.285459817881109,0.19272808014752,0.586368872928094,0.085696503881642,0.570949021856398,0.121442250673346,0.308019834473809,0.638338513885641,0.0465707785777373,0.095380536894789,0.508693168566305,0.705583331102963,0.534599470063967,0.0848446515077942,0.886595420493503,0.573239090870614,0.362762051889787,0.189481483049054,0.0943622973716511,0.0336215346848944
632,0.157862808997695,0.572609036301907,0.154545084992108,0.102435009708517,0.282931336368901,0.193636447250389,0.596002795677453,0.0870102188155237,0.578084845738512,0.125791764272164,0.312006520687245,0.651756399720432,0.0468931110991271,0.0942911257829172,0.520096453856999,0.70913022041093,0.535197799742687,0.0853035368982227,0.890258435529689,0.577155130603478,0.359920563985311,0.188027748908751,0.0931635141689185,0.0332683503083212
633,0.156948361519162,0.578804818723307,0.156502403615958,0.100697749602589,0.288633738724073,0.189952659299408,0.586729648616327,0.0869719837600262,0.5673830181062,0.126945342433406,0.3074179965113,0.640523914351658,0.0479036066708985,0.0947373651105084,0.516806393906169,0.710902533325639,0.542400484736569,0.0895389462750303,0.896433677274988,0.583081877797116,0.362479503356539,0.191114829375932,0.0935274777784684,0.0345164656887121
634,0.157149991079867,0.571601752141781,0.153568015061739,0.102629324840861,0.289380973167482,0.187175533025367,0.589885951748817,0.089146092577629,0.568169110008081,0.128854657739813,0.316324979799146,0.640610642964331,0.0479956211426404,0.0932077716098335,0.517193048994932,0.701841188842534,0.536107299244906,0.0842205633899942,0.888134641378482,0.566676142635275,0.35800418672564,0.19042576017537,0.0920676189111415,0.0320604220808143
635,0.160340340429833,0.58660452533011,0.157124013169403,0.103087945021243,0.295534604665265,0.192897668922465,0.592360890394274,0.0893896576923523,0.572704590008004,0.128350091057778,0.314287591782761,0.643765848113306,0.0473303493373431,0.0944460607756058,0.523274119662902,0.709432108263105,0.552854145539742,0.0839553449662552,0.893806059327991,0.574461197806833,0.359891993532968,0.189024321664558,0.0909684380711374,0.0332269822859553
636,0.159031014410145,0.580018427494446,0.157256938615361,0.101889153935949,0.30134899800499,0.191097337773631,0.590310270189873,0.0900771467824195,0.578158419019363,0.133099194870972,0.310892479852204,0.652979877645438,0.0465084494756634,0.0945570993816512,0.522282618387641,0.704427726840993,0.557154936129795,0.0810265172808157,0.89093260456386,0.571583420887981,0.357586938814058,0.189916053784132,0.0904886965965836,0.0339952708685028
637,0.156152587100625,0.57309650969181,0.156270385002042,0.104387601709026,0.297726614778047,0.189826069711916,0.582300688170029,0.0892283015776415,0.56929287018398,0.133182985347128,0.300853681943729,0.639553625766584,0.0475259173300163,0.0934938142568167,0.542749784403105,0.715253331319771,0.57068005420722,0.0858768256188724,0.889929108836675,0.568105196425937,0.360434018986711,0.190573628327758,0.0918215161458811,0.0347241097736507
638,0.159484441887683,0.581392037452143,0.159509579258495,0.103683799170816,0.304323615877487,0.18572196544405,0.580671139363384,0.0919290696582066,0.563512110726644,0.136419702829229,0.30431971300631,0.636488358984797,0.0493564426955239,0.0944755100836203,0.52945180521397,0.698210526315789,0.56292773241515,0.084254697491392,0.892800602940531,0.572237220412249,0.352211120903135,0.188270980296765,0.0902196426221533,0.0321225432765352
639,0.158075192314638,0.586715663259778,0.157880132904764,0.10241056015024,0.3075574415833,0.186230885911373,0.594093465720435,0.0906966004464464,0.574727051613368,0.138108671301815,0.311890356597086,0.645919415619225,0.0489603666237656,0.0902110612603293,0.534508943069873,0.703436616668872,0.572805249167038,0.086754152783959,0.90155483706906,0.572413993533622,0.35533752315908,0.188178842590911,0.0913155447378937,0.0343603044283794
640,0.156507945159364,0.585280074381921,0.159034493814198,0.102681905074883,0.309683528171752,0.185471207063076,0.59011421217727,0.0901454998793533,0.573535912490952,0.14211910641036,0.312210709402397,0.638937384380278,0.0474355289274425,0.0909895611262221,0.545916341983386,0.714409689039182,0.586841873116224,0.0861587149893406,0.887067657810362,0.574065350133764,0.357716576469867,0.187319394694386,0.0907022525374232,0.0335966781710131
641,0.155497737175996,0.58076579571305,0.156724095671398,0.100804447951043,0.308085995322162,0.181612472365512,0.586537064747038,0.0910253892506167,0.573757188498403,0.143444101589356,0.304056557609091,0.641808428034133,0.0493014217270743,0.0917183905688549,0.548246591300638,0.712408691157891,0.594691166095132,0.0856006366187015,0.897699572828959,0.5740675078397,0.356289834316897,0.188463171930171,0.0907473517864639,0.0334391552877849
642,0.157538322806053,0.580138863053693,0.158957103690344,0.102072957694081,0.312814762994654,0.186045650116865,0.590706793319227,0.0920562283347589,0.56953270607302,0.144603700535722,0.305698960068428,0.650922882996443,0.0488321489680467,0.0914331829680631,0.549412838628865,0.713822525317855,0.591530410079658,0.0883342407099642,0.876696817187026,0.575336724071509,0.354219628849417,0.185015881277715,0.0917985024467414,0.0332123783801507
643,0.157905756908659,0.577482751411248,0.158725572185805,0.101799141567562,0.319833478865098,0.182381707272079,0.586793326473615,0.0922824489195943,0.575515213876231,0.143140673232397,0.30103384536234,0.638632221078936,0.0521845711136962,0.0907658605277659,0.543650401028592,0.70984852752097,0.60393252923529,0.0819680156737892,0.890026853444542,0.566442351718249,0.358232276107859,0.1900923164499,0.0895797126557685,0.0320656486282469
644,0.158033488824021,0.595287191162969,0.163825441460432,0.101902090272431,0.323161202534512,0.177288368665264,0.585384205106324,0.093803796715312,0.571517373234265,0.151626129803846,0.304160468045475,0.644202480542552,0.048517466187439,0.0932084598923815,0.552242827166393,0.709415328361,0.622536056343881,0.0834275486672346,0.904867747528973,0.567759671000927,0.359669358426859,0.18907387509512,0.0923561439911513,0.0340806471867502
645,0.160167370259994,0.595424314047888,0.164002437570651,0.103220039050457,0.328031733634776,0.182074134210256,0.585769180392285,0.0956026392481745,0.571428460329415,0.152743053963784,0.300361701430957,0.647240986934739,0.0481872975336572,0.091214022064469,0.550790362910014,0.702542751448314,0.620305264843426,0.0865627589208364,0.895226990255866,0.568556028768395,0.358343037418799,0.187450981042026,0.0918826933912237,0.0333193142648814
646,0.161520844057704,0.595846055010357,0.165989210425529,0.102582847047486,0.334530608210784,0.181728378639937,0.587786902453783,0.0961424478555639,0.577590673895057,0.15575819059733,0.305827765908838,0.653703767736518,0.0506913442953929,0.088577921038701,0.554303148685415,0.700774511775255,0.624223785234459,0.0867899905207047,0.884855436405593,0.561827066648568,0.356879055246369,0.185903895751324,0.0904560879598208,0.0327707750780508
647,0.159372921692242,0.581304656301312,0.164407711175529,0.102357864223308,0.333826932354909,0.179510875514382,0.584759703836661,0.0944295265873906,0.575798070450976,0.1613586717523,0.298701458380076,0.646788422705856,0.0527088567039359,0.0920398186104973,0.557298421878466,0.707652328571311,0.634508613536849,0.0853061399689469,0.884199155882546,0.558752832884451,0.354813678315706,0.185603864218617,0.0887060615515996,0.0339570308907574
648,0.159930986820568,0.589044218388157,0.161765498260121,0.100864519805522,0.332836790862907,0.176990942929544,0.592322686255653,0.102404460723128,0.573762845041027,0.165737639909149,0.305810353788545,0.655011274580017,0.0520820357116445,0.0880161795278437,0.562137809477637,0.701745893489568,0.644723904451219,0.0859218345563161,0.887519198459206,0.559557103634799,0.356131434659673,0.186418423964267,0.0921154776052125,0.0341542494775233
649,0.160272288574248,0.588038186542064,0.16601995528791,0.101163400535739,0.338152065416608,0.179821054963646,0.591028194131018,0.0977952793500129,0.57502585176147,0.169876115584103,0.306476166185814,0.64943815777124,0.0527678822938653,0.0897025707392151,0.565084364500365,0.710345582141589,0.654105915925356,0.0853311138236939,0.890749079084626,0.559174436041205,0.350343285467466,0.183715257856305,0.0906659562850437,0.0327330368203156
650,0.162879452154503,0.592988766498447,0.168705053862578,0.101273874223603,0.346574861704193,0.178879840353261,0.592472615690557,0.0955232440626579,0.57591990089488,0.173204412459861,0.306746454709938,0.644325416877211,0.0537171322699127,0.0889365127247676,0.564957298753817,0.70869372913346,0.656907288358764,0.0880014349249314,0.887079087083731,0.566994600414215,0.354783223478747,0.184542863835103,0.0928383329498011,0.033881846050166
651,0.161691296050952,0.597275412346699,0.168589476498973,0.100778493551955,0.348697847410451,0.176015910444496,0.590270711718424,0.101856338166545,0.57903259347803,0.178153961405261,0.308235686624475,0.641273855625875,0.056941731204673,0.0882562924556164,0.569969604239819,0.706389836904801,0.663916130673055,0.086714747481377,0.888944897648236,0.565774854945046,0.350607147122167,0.185881785874592,0.0915077026342556,0.0334415826947072
652,0.162352810404239,0.600164140946311,0.169797139575383,0.104600874430323,0.355729704694505,0.177589536477824,0.585303597503216,0.101707695107776,0.575802912914528,0.181542930535965,0.301690143991131,0.646640344817602,0.0541640604687442,0.0909801285146529,0.570371429632656,0.708207480592802,0.669789399398284,0.0922855179586227,0.889635086752961,0.565629303222253,0.354071054805839,0.185916551914073,0.0896513357201873,0.0332261773616084
653,0.160353287674628,0.59468048544732,0.167669324124485,0.102678874449576,0.358311575225333,0.173451814644383,0.588538593826494,0.0983206381883685,0.569272058546628,0.183735473180774,0.30527744373172,0.650957031495173,0.0571641327851506,0.0879055472138457,0.569156938931713,0.695546084577968,0.677964892322234,0.0858430903455977,0.897664027173157,0.564124731871568,0.356561124854083,0.185664060886752,0.0918349087415137,0.0331625989810066
654,0.160713994137262,0.59664677423419,0.17361358844923,0.0992299192823606,0.360949574573524,0.176131474839783,0.587752693493737,0.10187490006472,0.578945825560589,0.189216583545894,0.304073971142498,0.650627783911372,0.0567002458861358,0.0873579345564592,0.567797238509552,0.706026480045394,0.685008511443163,0.0867882731227539,0.889328415933401,0.573669374655447,0.351424424890705,0.18670845174552,0.0891156116051778,0.034321500519233
655,0.161803754039766,0.603712903709094,0.174079643858485,0.100646362605141,0.370101466087366,0.175828983584102,0.586646826930509,0.101628198191234,0.581753497719719,0.193278426219371,0.306376826157533,0.651884130787663,0.0556669151741851,0.0881124403151018,0.580428093703135,0.717239325668385,0.700165652526158,0.0899413967558995,0.892081747240198,0.570122763608679,0.351452226874762,0.185559478492577,0.09076698705748,0.0345955700418729
656,0.161074274846689,0.601923176443191,0.174002910963335,0.10067232902942,0.376084469687168,0.175569785494346,0.59204656534113,0.106376121313829,0.575770797830469,0.199104748228822,0.304370554752987,0.655954965787493,0.0581126689647159,0.089243192997405,0.571821914094272,0.703882412177079,0.704180642162748,0.0881964057477052,0.895289916443296,0.570123239590336,0.354296272689967,0.186154972802598,0.0914414317271005,0.0332580893716222
657,0.160345455566693,0.59355600394041,0.172469371089834,0.101636173136082,0.374450364660745,0.175152168089592,0.586360371613709,0.104819892263252,0.570095245530486,0.201412756655477,0.301108361308455,0.654967600905613,0.0567709911820227,0.0865359313180419,0.57441726358253,0.698908613689845,0.707147733443666,0.0888438235370174,0.878642498478726,0.565399142833378,0.354235519443849,0.182422778393097,0.0891219733218928,0.0335391770675095
658,0.161170483996159,0.614589346559141,0.174639561653928,0.103348308841909,0.377543130780261,0.17781917566732,0.586810300632288,0.106743654121699,0.57093344550629,0.208798864248814,0.308664282991337,0.646062203409883,0.0582802156716124,0.0888091227517809,0.576650399464757,0.708807115588965,0.719552127199024,0.0914269746940061,0.894147657396755,0.56071329392629,0.354616138374261,0.181752449716349,0.0905528623001547,0.0340156028087436
659,0.16234819241868,0.60532006478567,0.176205244845305,0.0997701723979866,0.380557654444411,0.177340622448846,0.586800908976139,0.106878746588074,0.56458819637019,0.209069292017291,0.301239981890131,0.638699528533928,0.0611053859640643,0.0932776779319163,0.582385696018421,0.708677874791825,0.718048318561517,0.0881604759791364,0.900998101908785,0.570777549056301,0.354966582901139,0.184161190718067,0.0910737715874459,0.0350031051168262
660,0.161293106838111,0.604171680232787,0.177921788368527,0.0994398961896898,0.381178915496835,0.170162832763163,0.586773728973563,0.10896872434127,0.572250767292063,0.215023727875863,0.304071521719085,0.648490882506619,0.0599528399645473,0.0918755936343874,0.588095298988892,0.701247635383917,0.729055520524206,0.0899159453393362,0.892910152076359,0.56223876344469,0.352168312379799,0.183245904266686,0.0898939427665788,0.0339735575895719
661,0.162486701001834,0.606072915196839,0.181725399499083,0.101183130203189,0.388443951072386,0.175361974389728,0.585033909273854,0.110423076923077,0.57562109378463,0.218559432097233,0.313763149262861,0.658374881428356,0.0601776453542305,0.0917548922598486,0.58234187951126,0.692866179575754,0.738295152355794,0.0878889688927369,0.886693391144864,0.562970557074048,0.347504816638325,0.180985545633419,0.0890677400974012,0.0334474372100891
662,0.162800658847985,0.618172841898504,0.181458507110361,0.101518349532949,0.396200997080106,0.174371725027856,0.5811539761909,0.114030922469171,0.574094124241508,0.227873787746677,0.310165765076428,0.656064158229087,0.0614848711889805,0.0949247970633482,0.587202289382567,0.71167483142182,0.746659691527423,0.0891163710360299,0.89224067643062,0.556092982565214,0.351424456661722,0.17750465845405,0.0901213818155981,0.0348559733904131
663,0.160352978216018,0.624480855282549,0.179653747220064,0.106415074622866,0.394696216607272,0.176930347525522,0.585343019917855,0.109568511239677,0.570171443713289,0.228605047917679,0.314403590513625,0.650515214415051,0.0603430689732644,0.0950374007162964,0.577128206483672,0.696420500350219,0.734428482693909,0.0890472729195026,0.88389031946568,0.564401705962823,0.354451919208176,0.181055644966605,0.090490866661302,0.0333148104932808
664,0.16217371801947,0.616072360433545,0.17872711419174,0.101371576786384,0.392276545771617,0.175522469702656,0.589436963796234,0.114315995336585,0.579309120358834,0.231477830977893,0.314022618454309,0.656719500907764,0.0604924016221757,0.0955974954320603,0.59057190605642,0.708521279914435,0.746675921386871,0.0896563483221178,0.886140596423605,0.559028408150854,0.348565368259604,0.184444402212554,0.0903347940599107,0.0336286929925369
665,0.161472433297149,0.606968299939791,0.179272410443924,0.102339752745683,0.396493392341533,0.17114274915509,0.596838900463741,0.117566409032865,0.575205591773641,0.238881053834263,0.321011774984878,0.657569191477922,0.0623685197170211,0.0931659175612042,0.594083956348055,0.705648686647772,0.764935124640139,0.0907855341560847,0.881910876869476,0.557661060825007,0.341190112500997,0.18176666459809,0.0880826957685795,0.0327728011773154
666,0.159685892159781,0.607170989265012,0.178741524088051,0.103095021277341,0.397000350244295,0.170790299984239,0.599392575626079,0.117977207046803,0.575662762711713,0.240203016095985,0.315164069000689,0.663947587391627,0.0631616273780537,0.0946146282075295,0.593930243758863,0.708586546437268,0.769963208733578,0.0911259331603029,0.885595808517308,0.56216004657203,0.350302883883391,0.182004213873091,0.0908604630334512,0.03407517845148
667,0.162092482935715,0.615502183789478,0.181791229725874,0.102398283695103,0.397732168645612,0.175559159844611,0.576144619572376,0.11933853009615,0.569537954954559,0.246570720463626,0.310316341045792,0.646596874039601,0.0675567357686386,0.0902918528105684,0.594132550822306,0.715937919800058,0.776800839042242,0.0896374935844509,0.867834157809668,0.563794876818338,0.344002155066856,0.182036538178969,0.0875116324631435,0.0331133614145075
668,0.160026643007535,0.625792602990055,0.178365705735133,0.104792708926467,0.404534806732259,0.175863077187918,0.60177224513848,0.118174720094284,0.586043017088981,0.252901591043017,0.317345462581025,0.656318503241014,0.0643758618851294,0.0888650438939437,0.592716581959056,0.712222241967586,0.773481482797839,0.0901854074850725,0.892577122564788,0.558983942964543,0.352754816207034,0.183122894603679,0.0892626323779232,0.035246810731196
669,0.160434122227685,0.620677846730363,0.183543287310805,0.104224535898901,0.407933902967324,0.178612560296599,0.584087215482329,0.123094467333726,0.570380821027294,0.252927766991997,0.316522045452549,0.650718904008504,0.0661366577896139,0.0932744340878828,0.592317043941412,0.704640079893475,0.779142743009321,0.0892221571238349,0.885016775521159,0.554172362888074,0.348600550237094,0.183237689004205,0.0874392234052071,0.0330433868658853
670,0.160955440618905,0.613136514059042,0.183381612570953,0.102257980670188,0.40123498652173,0.170807056915558,0.588437252551348,0.12206249751169,0.576411347580478,0.262454208451851,0.319131431453129,0.648658745360683,0.0669141261959875,0.0937732134622187,0.60037568669941,0.706484949698009,0.786876933615699,0.0879431656898783,0.896100671201487,0.566294182920448,0.349860851992855,0.183124456453097,0.0900481478808437,0.033150834942172
671,0.160797336398589,0.622608109715011,0.184102302905387,0.102845138531056,0.403169249672995,0.172938364580443,0.586005120614474,0.124069808377005,0.58292915149818,0.267367284074089,0.321688282593911,0.649407928951474,0.0686448777512691,0.0961616992842664,0.59950611692109,0.710281091359176,0.787975855202971,0.090438480994493,0.901436588507652,0.563520488591426,0.343929422680227,0.183614576671201,0.0888675110122238,0.0336187369947664
672,0.157424176426094,0.616997313440622,0.176787005399202,0.102858707843188,0.395394898145492,0.174164323534782,0.586769737846552,0.126078363135064,0.583600052089414,0.271694082462931,0.330663574231906,0.663797991863274,0.0693801720008212,0.0958924880808449,0.612839291009878,0.722338435568127,0.804028058489404,0.0917899400050186,0.903814835014999,0.560068584674121,0.360937387510226,0.181404608671939,0.0882131306244887,0.0350293155167712
673,0.161697483016124,0.619955079198964,0.181594240559093,0.102116962591128,0.404591402522305,0.172969034357983,0.590810533255004,0.130870693173206,0.577753431783631,0.275471099471274,0.326330751741117,0.657818636793743,0.0653856206522176,0.0943676062567856,0.599468816598979,0.702741163697776,0.792319353411878,0.0902425509670674,0.895740098013041,0.558485775438819,0.351282432316248,0.179922580557579,0.0895417550940988,0.0335821228013811
674,0.16227433933685,0.635533975361533,0.186311942351903,0.10290504017531,0.399935652283024,0.176165137779132,0.592628920570265,0.130152627291242,0.58377067209776,0.281641221995927,0.33333450101833,0.66,0.067301657057614,0.0966822964963916,0.599427488610249,0.707573680603153,0.803426198443737,0.0914202314236181,0.89629657431418,0.561211682816978,0.350399918111096,0.181086993312406,0.0900016787225331,0.0332377603384741
675,0.161033583147661,0.637777192627102,0.184170791978935,0.104200769698197,0.398849706299372,0.182388778610492,0.59374512195122,0.134273780487805,0.575666666666667,0.283998089430894,0.330560284552846,0.665589430894309,0.0664446178899825,0.0963866265992479,0.600554810789412,0.708300793550825,0.804565391467079,0.0895601461141202,0.90307824418764,0.561125108482163,0.35166954277623,0.183154295893665,0.0901147353035217,0.0335861558489015
676,0.157384763980385,0.635126554064094,0.18424701570162,0.103723562335926,0.400545247411957,0.180715042845114,0.584490114839,0.134907507318172,0.56824350371538,0.28923649178113,0.329200747579374,0.659588335960369,0.0631409893944826,0.097708795273125,0.603290024823355,0.717090357919195,0.805062103767977,0.0906197488620738,0.891453315647458,0.566554615741035,0.349240131190435,0.178743529059045,0.0886034214901562,0.0335673491173718
677,0.161072242894647,0.64248186280105,0.18079540235133,0.106410140394932,0.401136112315946,0.179553297568771,0.593665586466372,0.133021365995661,0.580896245846264,0.298247027160629,0.338206725619971,0.659560459176668,0.0699957028455378,0.100379981999031,0.614612909925919,0.706706145715539,0.822647481018209,0.0944931250144239,0.889913305536061,0.560798827560583,0.343544854064319,0.185433307187384,0.088862362217727,0.0328588614127069
678,0.156349950850866,0.634607257839061,0.178938256964297,0.101331995635196,0.391911865232173,0.176593315717803,0.587433623104327,0.14104383730522,0.570315454553695,0.295826182727957,0.34204299428012,0.655372336086007,0.0650441954789382,0.0994344289148621,0.611238285521805,0.714441419534051,0.82015702361122,0.0929225633193213,0.899633017366637,0.560988583685048,0.34543394450979,0.180356770220715,0.0899094167300907,0.0333706192485989
679,0.161831804846497,0.649138487837557,0.18360316015616,0.101830335651089,0.398978530342581,0.17818536348726,0.593504707035585,0.143423475993194,0.580573074646741,0.30566625360657,0.346299044721462,0.659183666863949,0.0675376052724535,0.0952444087081002,0.606747476249791,0.722484290468311,0.824320539515514,0.0931894625295135,0.898721698421746,0.56437687470215,0.350955217395367,0.182507111019745,0.0898125017520581,0.0340328284291281
680,0.162255723587966,0.644079541836071,0.185779137112294,0.103185402254824,0.39500036457444,0.176688302698312,0.594986812750292,0.142241421359187,0.575396887716689,0.312505032402297,0.348391543531781,0.659271398679889,0.06640343951061,0.0993032709801767,0.611879160886042,0.723098492537175,0.821403458132757,0.0908854272386149,0.904042180168102,0.566188315371526,0.348727375857268,0.181668385499923,0.0876452328159645,0.0343114268034858
681,0.160776259552756,0.645565382041957,0.182383125247495,0.10264049776742,0.384006499742832,0.182660251887793,0.583297419605513,0.144835101593034,0.567797911000389,0.314239526432473,0.345649902863804,0.651943272461317,0.0665808801213961,0.100301062215478,0.60107435508346,0.707057663125949,0.81738846737481,0.0920112291350531,0.904712439863185,0.556480310588279,0.352771375109075,0.1808126764441,0.0883660798028959,0.0342258489148542
682,0.158852831720685,0.643235401583328,0.181818187969416,0.102077826645917,0.387933432573246,0.181056769740849,0.586508549740855,0.147075376474269,0.566347893512536,0.311874263715634,0.348318319707255,0.652902694834787,0.0628427093548432,0.102819560503308,0.607907211226364,0.715707241612685,0.828238422121242,0.0892756177400865,0.883444950701432,0.557967875227124,0.347720367825421,0.181470019645641,0.0884531548316286,0.0331012788113004
683,0.161162393860222,0.646658638145003,0.17898754898759,0.105004735467015,0.392179457870673,0.182313234813847,0.583134812560077,0.153864746876001,0.561652915732137,0.321015579942326,0.344746996155079,0.650144585068888,0.0679558424411355,0.106905367490648,0.616353608890193,0.714778111934277,0.840180169441796,0.088887047971833,0.886185553894596,0.553834483636017,0.345915006338403,0.181736231581147,0.0868579516282197,0.0334939796535007
684,0.159561373768654,0.646856029258656,0.180425224912571,0.102556448383566,0.383676646466804,0.180804920045917,0.590960582457611,0.15220834540842,0.571353999937581,0.328426588672751,0.346490068705387,0.65710741848759,0.0690526033815811,0.106646641120171,0.623053820169624,0.7158005829686,0.836123258812633,0.0889737845740334,0.884781053059565,0.56120796909941,0.346436267534052,0.179272494409433,0.087648017889815,0.0344636552144745
685,0.159430488184771,0.656415246317476,0.180199296871523,0.103577940456588,0.384902977170575,0.181601624315785,0.589843326971728,0.154445009098575,0.564956016155519,0.33468292130842,0.349174595002441,0.6592237361857,0.0689577589602206,0.106903357621111,0.612116975187082,0.710956577392674,0.835335762111067,0.0857840192989366,0.875421915452038,0.556475489824746,0.341022547311478,0.177930638053267,0.0888316526822834,0.0334661705664009
686,0.160448321255236,0.652255169204175,0.181150934113423,0.103628030051193,0.377369842430689,0.180212778405691,0.594919609377108,0.161164881707087,0.571956081901319,0.34596942188891,0.352716043054844,0.663525317650867,0.0671292060728963,0.107356894819015,0.608776358056817,0.708428386842058,0.840757362309998,0.0873034563824633,0.901507829977629,0.565579418344519,0.345681431767338,0.17983355704698,0.0887879194630872,0.0326065324384788
687,0.158259842236394,0.664453763750349,0.184924990330908,0.101605028827386,0.385170720189964,0.192191110731343,0.595427530649234,0.159184656902256,0.565430870558477,0.342145766999025,0.362805724159122,0.658361440525123,0.0685898412300194,0.110287053795427,0.60408290624328,0.715135026162999,0.837195227940649,0.0883706813131675,0.901854008060905,0.551468875951635,0.343354679802956,0.181977160770264,0.088409762651142,0.0332826242722794
688,0.157981595693481,0.65505597048181,0.174411596941231,0.103511831339905,0.373376432683909,0.1852118455999,0.587850374668718,0.166726233985211,0.568427467634094,0.347841401453831,0.357832100880281,0.664023686417306,0.0685647097568788,0.106788815252257,0.6139671296902,0.716464704794301,0.838962460355772,0.0877819443379245,0.884149731603769,0.554859193815572,0.344579075051371,0.179291705515475,0.0885628400213631,0.0349585040417847
689,0.158012720195819,0.657391356687131,0.174772922434894,0.102038120460656,0.372386701978251,0.183051282051282,0.586304487867726,0.167266668456088,0.573372342709899,0.35251477614344,0.361174884582349,0.659729842173073,0.0672841778073664,0.109450959929467,0.609752145671771,0.703961305935909,0.841990751569894,0.0920012235277183,0.897979312069475,0.558966149089504,0.346499774933503,0.179584158956055,0.0878024916452588,0.0352903366903858
690,0.160210316229519,0.667040118670353,0.17945582900681,0.104788739801767,0.371715150697863,0.187241790843503,0.595114202083003,0.174493930248917,0.578207982573575,0.360497388305235,0.362104894374986,0.670030813913912,0.0665499058973967,0.110284140334447,0.608937946311988,0.698404262983008,0.845131518518852,0.0930153715927203,0.889441433799144,0.554999661584417,0.340736789383678,0.177973161388136,0.0874248875332211,0.0343158396541844
691,0.159536033441626,0.657689504045213,0.178636380816962,0.102474207831244,0.376428347087357,0.184059067306221,0.595592975946658,0.179567577124069,0.576235408649652,0.370097774675569,0.371954882764068,0.66671771534583,0.0691584406473919,0.109215363030516,0.615970336222879,0.724581850979606,0.848593977050659,0.088002655709776,0.888217053198505,0.560669927456584,0.337383106177182,0.181444232248846,0.0909753379863706,0.0347293897010332
692,0.160234473919469,0.662859827406907,0.176043298790389,0.101938246884749,0.370481459013702,0.184377588440277,0.586073561916592,0.17384678863051,0.568730522623897,0.374091527683905,0.362964584513088,0.662335915094167,0.0682796902730731,0.117812491021904,0.618076208393767,0.727263708104151,0.858907105091217,0.0901612303814127,0.897008450704225,0.564296542893726,0.342377976952625,0.180015672215109,0.0880907554417414,0.0343128399487836
693,0.160149041057302,0.669450926078077,0.175538092443485,0.103627080447898,0.371454860442733,0.19078305594028,0.597450079544228,0.181596558245616,0.574643130335212,0.374288100277349,0.368296223643642,0.66412869739874,0.0694763574176999,0.116081744335186,0.621855066267636,0.708735784523301,0.85522060709705,0.0896492945703292,0.893055717372921,0.554076294277929,0.334422427886874,0.17982503993235,0.0877391337029033,0.0337512050173823
694,0.160628579691981,0.667948759972042,0.178576520209202,0.102934612325565,0.372238186594683,0.192880470463474,0.602317339281308,0.187164562780323,0.575603562978697,0.381505010136394,0.373746183732419,0.668328196592817,0.0681893623483245,0.113673436724147,0.613406449311344,0.706429690550684,0.845704444326602,0.0901066898709463,0.888013280084685,0.5491515661839,0.340969090121734,0.177185372660347,0.0870378771111004,0.0333989120916133
695,0.159179351143712,0.677527457529542,0.179715071987612,0.104109854932926,0.379734938682733,0.193992694535294,0.598216591165073,0.192118680566237,0.57488386978332,0.387954877667571,0.377791635448867,0.67116204643224,0.0726125312510873,0.115226329941897,0.61410675321706,0.713410357219187,0.847596437251793,0.0895459583583922,0.895326468010517,0.554523444347064,0.343803352322524,0.178653155127082,0.0867768404907975,0.033982296231376
696,0.159138408498045,0.678411549042241,0.174197552083069,0.103917856979411,0.381854553867902,0.193132987892625,0.59200486100562,0.188996809965062,0.570023241683123,0.386556174996202,0.378311939845055,0.669238796901109,0.0747119174754794,0.113411013518361,0.620547191276096,0.723660565126933,0.868998421662174,0.0847974961822673,0.898781063275624,0.56974168837138,0.337626352075992,0.176960793626475,0.0881070170062816,0.0330691144476789
697,0.160399310645996,0.688744658286285,0.174777815901931,0.102012399014317,0.376240041797935,0.192546492404629,0.595536179491296,0.192853593606762,0.571965361328783,0.392730234774367,0.379274307407849,0.65645523335008,0.0714229461800751,0.117084873295772,0.618697659117848,0.716173182461399,0.857139455586944,0.0865276201118485,0.88524509194831,0.548248788518887,0.337512440979125,0.174721017644135,0.0863882020377734,0.0339472431038767
698,0.155020557348872,0.681963454766496,0.171698326276515,0.10212773015008,0.380167843967469,0.191847258321456,0.58951760351754,0.195694603485908,0.568253882896277,0.401160392876348,0.377119444532313,0.666315439850694,0.0727550530200949,0.116985763665124,0.622855468978851,0.719335637705783,0.861108442205167,0.0884023668639053,0.889838916269141,0.54848551775031,0.341861666183486,0.176042210684448,0.0851807553435416,0.0335243749835279
699,0.156946952397681,0.683887229931495,0.171678728262779,0.100894958721237,0.377841911118918,0.192966450026348,0.587592025597895,0.199263943795005,0.56832292401819,0.401842719404838,0.374924814144641,0.662546099027344,0.0736993676496661,0.119589740559069,0.62373441285976,0.72,0.846684002127534,0.0872187813958986,0.892395124577806,0.559805178912331,0.344944686475109,0.17914993391747,0.0874879338195702,0.0343748788486955
700,0.160004816218943,0.685864560113246,0.17373821572105,0.103956523861436,0.377954945573472,0.196470248458322,0.599310138527056,0.201884876239374,0.579538460701718,0.407891544247619,0.381581536252536,0.66776795766413,0.0717631157744976,0.118089454028099,0.614693224257514,0.709494931531211,0.84849368664414,0.0798049084118798,0.896189384800965,0.561886610373945,0.347003739445115,0.177896019300362,0.0891906513872135,0.0353135464414958
